t,headX,headY,headZ,headRotX,headRotY,headRotZ,leftHandX,leftHandY,leftHandZ,leftHandRotX,leftHandRotY,leftHandRotZ,rightHandX,rightHandY,rightHandZ,rightHandRotX,rightHandRotY,rightHandRotZ

0,0.2147285,0.9399752,0.237326,359.9209,339.917,2.336903,-0.05770247,1.928949,0.1362684,359.9209,339.917,2.336903,0.4115145,1.949337,0.3077901,359.9209,339.917,2.336903

0.02,0.2147285,0.9399752,0.237326,359.9209,339.917,2.336903,-0.05770247,1.928949,0.1362684,359.9209,339.917,2.336903,0.4115145,1.949337,0.3077901,359.9209,339.917,2.336903

0.12,0.2147285,0.9399752,0.237326,359.9209,339.917,2.336903,-0.02616033,1.747241,0.6585267,352.2382,292.4017,310.1839,0.2147285,0.9399752,0.237326,359.9209,339.917,2.336903

0.1840771,0.2147285,0.9399752,0.237326,359.9209,339.917,2.336903,-0.02615948,1.74724,0.6585241,352.2388,292.4014,310.1839,0.2147285,0.9399752,0.237326,359.9209,339.917,2.336903

0.1978767,0.2147285,0.9399752,0.237326,359.9209,339.917,2.336903,-0.02616329,1.747246,0.658536,352.2359,292.4029,310.184,0.2147285,0.9399752,0.237326,359.9209,339.917,2.336903

0.2092948,0.2147285,0.9399752,0.237326,359.9209,339.917,2.336903,-0.0261668,1.747251,0.658547,352.2332,292.4043,310.1841,0.2147285,0.9399752,0.237326,359.9209,339.917,2.336903

0.2348445,0.2147285,0.9399752,0.237326,359.9209,339.917,2.336903,-0.02616672,1.747251,0.6585467,352.2332,292.4043,310.1841,0.2147285,0.9399752,0.237326,359.9209,339.917,2.336903

0.2593366,0.2147285,0.9399752,0.237326,359.9209,339.917,2.336903,-0.02616675,1.747251,0.6585468,352.2332,292.4043,310.1841,0.2147285,0.9399752,0.237326,359.9209,339.917,2.336903

0.2844254,0.2147285,0.9399752,0.237326,359.9209,339.917,2.336903,-0.02616689,1.747251,0.6585472,352.2331,292.4043,310.1841,0.2147285,0.9399752,0.237326,359.9209,339.917,2.336903

0.309126,0.2147285,0.9399752,0.237326,359.9209,339.917,2.336903,-0.02616678,1.747251,0.6585469,352.2332,292.4043,310.1841,0.2147285,0.9399752,0.237326,359.9209,339.917,2.336903

0.3343317,0.2147285,0.9399752,0.237326,359.9209,339.917,2.336903,-0.02616681,1.747251,0.658547,352.2332,292.4043,310.1841,0.2147285,0.9399752,0.237326,359.9209,339.917,2.336903

0.3589927,0.2147285,0.9399752,0.237326,359.9209,339.917,2.336903,-0.02616681,1.747251,0.658547,352.2331,292.4043,310.1841,0.2147285,0.9399752,0.237326,359.9209,339.917,2.336903

0.3838659,0.2147285,0.9399752,0.237326,359.9209,339.917,2.336903,-0.02616684,1.747251,0.6585471,352.2331,292.4043,310.1841,0.2147285,0.9399752,0.237326,359.9209,339.917,2.336903

0.4838659,0.2147285,0.9399752,0.237326,359.9209,339.917,2.336903,-0.02616239,1.747244,0.658533,352.2366,292.4025,310.184,0.2147285,0.9399752,0.237326,359.9209,339.917,2.336903

0.5233728,0.2147285,0.9399752,0.237326,359.9209,339.917,2.336903,-0.02615745,1.747237,0.6585177,352.2404,292.4005,310.1838,0.2147285,0.9399752,0.237326,359.9209,339.917,2.336903

0.542081,0.2147285,0.9399752,0.237326,359.9209,339.917,2.336903,-0.02616684,1.747251,0.6585471,352.2331,292.4043,310.1841,0.2147285,0.9399752,0.237326,359.9209,339.917,2.336903

0.5673269,0.2147285,0.9399752,0.237326,359.9209,339.917,2.336903,-0.02616687,1.747251,0.6585472,352.2331,292.4043,310.1841,0.2147285,0.9399752,0.237326,359.9209,339.917,2.336903

0.5924404,0.2147285,0.9399752,0.237326,359.9209,339.917,2.336903,-0.02616689,1.747251,0.6585472,352.2331,292.4043,310.1841,0.2147285,0.9399752,0.237326,359.9209,339.917,2.336903

0.6172095,0.2147285,0.9399752,0.237326,359.9209,339.917,2.336903,-0.02616681,1.747251,0.658547,352.2332,292.4043,310.1841,0.2147285,0.9399752,0.237326,359.9209,339.917,2.336903

0.6422411,0.2147285,0.9399752,0.237326,359.9209,339.917,2.336903,-0.02616693,1.747251,0.6585473,352.2331,292.4044,310.1841,0.2147285,0.9399752,0.237326,359.9209,339.917,2.336903

0.6673344,0.2147285,0.9399752,0.237326,359.9209,339.917,2.336903,-0.02616684,1.747251,0.6585471,352.2331,292.4043,310.1841,0.2147285,0.9399752,0.237326,359.9209,339.917,2.336903

0.6920265,0.2147285,0.9399752,0.237326,359.9209,339.917,2.336903,-0.02616687,1.747251,0.6585471,352.2331,292.4043,310.1841,0.2147285,0.9399752,0.237326,359.9209,339.917,2.336903

0.7174116,0.2147285,0.9399752,0.237326,359.9209,339.917,2.336903,-0.02616689,1.747251,0.6585472,352.2331,292.4043,310.1841,0.2147285,0.9399752,0.237326,359.9209,339.917,2.336903

0.7422044,0.2147285,0.9399752,0.237326,359.9209,339.917,2.336903,-0.02616692,1.747252,0.6585473,352.2331,292.4044,310.1841,0.2147285,0.9399752,0.237326,359.9209,339.917,2.336903

0.767107,0.2147285,0.9399752,0.237326,359.9209,339.917,2.336903,-0.02616693,1.747252,0.6585474,352.2331,292.4044,310.1841,0.2147285,0.9399752,0.237326,359.9209,339.917,2.336903

0.7916642,0.2147285,0.9399752,0.237326,359.9209,339.917,2.336903,-0.02616681,1.747251,0.658547,352.2332,292.4043,310.1841,0.2147285,0.9399752,0.237326,359.9209,339.917,2.336903

0.8175708,0.2147285,0.9399752,0.237326,359.9209,339.917,2.336903,-0.02616681,1.747251,0.658547,352.2331,292.4043,310.1841,0.2147285,0.9399752,0.237326,359.9209,339.917,2.336903

0.8423311,0.2147285,0.9399752,0.237326,359.9209,339.917,2.336903,-0.02616684,1.747251,0.6585471,352.2331,292.4043,310.1841,0.2147285,0.9399752,0.237326,359.9209,339.917,2.336903

0.8677064,0.2147285,0.9399752,0.237326,359.9209,339.917,2.336903,-0.02616693,1.747251,0.6585473,352.2331,292.4044,310.1841,0.2147285,0.9399752,0.237326,359.9209,339.917,2.336903

0.8931604,0.2147285,0.9399752,0.237326,359.9209,339.917,2.336903,-0.02616693,1.747252,0.6585474,352.2331,292.4044,310.1841,0.2147285,0.9399752,0.237326,359.9209,339.917,2.336903

0.9172525,0.2147285,0.9399752,0.237326,359.9209,339.917,2.336903,-0.02616681,1.747251,0.658547,352.2332,292.4043,310.1841,0.2147285,0.9399752,0.237326,359.9209,339.917,2.336903

0.9422183,0.2147285,0.9399752,0.237326,359.9209,339.917,2.336903,-0.02616684,1.747251,0.658547,352.2331,292.4043,310.1841,0.2147285,0.9399752,0.237326,359.9209,339.917,2.336903

0.9679337,0.2147285,0.9399752,0.237326,359.9209,339.917,2.336903,-0.02616684,1.747251,0.658547,352.2331,292.4043,310.1841,0.2147285,0.9399752,0.237326,359.9209,339.917,2.336903

0.9921512,0.2147285,0.9399752,0.237326,359.9209,339.917,2.336903,-0.02616689,1.747251,0.6585472,352.2331,292.4043,310.1841,0.2147285,0.9399752,0.237326,359.9209,339.917,2.336903

1.017215,0.2147285,0.9399752,0.237326,359.9209,339.917,2.336903,-0.02616693,1.747251,0.6585473,352.2331,292.4044,310.1841,0.2147285,0.9399752,0.237326,359.9209,339.917,2.336903

1.041854,0.2147285,0.9399752,0.237326,359.9209,339.917,2.336903,-0.02616693,1.747251,0.6585473,352.2331,292.4044,310.1841,0.2147285,0.9399752,0.237326,359.9209,339.917,2.336903

1.066997,0.2147285,0.9399752,0.237326,359.9209,339.917,2.336903,-0.0261668,1.747251,0.658547,352.2332,292.4043,310.1841,0.2147285,0.9399752,0.237326,359.9209,339.917,2.336903

1.091638,0.2147285,0.9399752,0.237326,359.9209,339.917,2.336903,-0.02616681,1.747251,0.658547,352.2332,292.4043,310.1841,0.2147285,0.9399752,0.237326,359.9209,339.917,2.336903

1.118025,0.2147285,0.9399752,0.237326,359.9209,339.917,2.336903,-0.02616684,1.747251,0.658547,352.2331,292.4043,310.1841,0.2147285,0.9399752,0.237326,359.9209,339.917,2.336903

1.141876,0.2147285,0.9399752,0.237326,359.9209,339.917,2.336903,-0.02616689,1.747251,0.6585472,352.2331,292.4043,310.1841,0.2147285,0.9399752,0.237326,359.9209,339.917,2.336903

1.167386,0.2147285,0.9399752,0.237326,359.9209,339.917,2.336903,-0.02616689,1.747251,0.6585472,352.2331,292.4043,310.1841,0.2147285,0.9399752,0.237326,359.9209,339.917,2.336903

1.191794,0.2147285,0.9399752,0.237326,359.9209,339.917,2.336903,-0.0261668,1.747251,0.658547,352.2332,292.4043,310.1841,0.2147285,0.9399752,0.237326,359.9209,339.917,2.336903

1.217347,0.2147285,0.9399752,0.237326,359.9209,339.917,2.336903,-0.02616668,1.747251,0.6585465,352.2332,292.4042,310.1841,0.2147285,0.9399752,0.237326,359.9209,339.917,2.336903

1.242335,0.2147285,0.9399752,0.237326,359.9209,339.917,2.336903,-0.02616687,1.747251,0.6585472,352.2331,292.4043,310.1841,0.2147285,0.9399752,0.237326,359.9209,339.917,2.336903

1.266958,0.2147285,0.9399752,0.237326,359.9209,339.917,2.336903,-0.02616684,1.747251,0.658547,352.2331,292.4043,310.1841,0.2147285,0.9399752,0.237326,359.9209,339.917,2.336903

1.293513,0.2147285,0.9399752,0.237326,359.9209,339.917,2.336903,-0.02616675,1.747251,0.6585469,352.2332,292.4043,310.1841,0.2147285,0.9399752,0.237326,359.9209,339.917,2.336903

1.31773,0.2147285,0.9399752,0.237326,359.9209,339.917,2.336903,-0.02616678,1.747251,0.6585469,352.2332,292.4043,310.1841,0.2147285,0.9399752,0.237326,359.9209,339.917,2.336903

1.342167,0.2147285,0.9399752,0.237326,359.9209,339.917,2.336903,-0.02616681,1.747251,0.658547,352.2332,292.4043,310.1841,0.2147285,0.9399752,0.237326,359.9209,339.917,2.336903

1.367714,0.2147285,0.9399752,0.237326,359.9209,339.917,2.336903,-0.02616684,1.747251,0.658547,352.2331,292.4043,310.1841,0.2147285,0.9399752,0.237326,359.9209,339.917,2.336903

1.392299,0.2147285,0.9399752,0.237326,359.9209,339.917,2.336903,-0.02616684,1.747251,0.6585471,352.2331,292.4043,310.1841,0.2147285,0.9399752,0.237326,359.9209,339.917,2.336903

1.417265,0.2147285,0.9399752,0.237326,359.9209,339.917,2.336903,-0.02616689,1.747251,0.6585472,352.2331,292.4043,310.1841,0.2147285,0.9399752,0.237326,359.9209,339.917,2.336903

1.442223,0.2147285,0.9399752,0.237326,359.9209,339.917,2.336903,-0.02616692,1.747252,0.6585473,352.2331,292.4044,310.1841,0.2147285,0.9399752,0.237326,359.9209,339.917,2.336903

1.467236,0.2147285,0.9399752,0.237326,359.9209,339.917,2.336903,-0.02616693,1.747252,0.6585474,352.2331,292.4044,310.1841,0.2147285,0.9399752,0.237326,359.9209,339.917,2.336903

1.492546,0.2147285,0.9399752,0.237326,359.9209,339.917,2.336903,-0.02616681,1.747251,0.658547,352.2331,292.4043,310.1841,0.2147285,0.9399752,0.237326,359.9209,339.917,2.336903

1.51744,0.2147285,0.9399752,0.237326,359.9209,339.917,2.336903,-0.02616681,1.747251,0.658547,352.2331,292.4043,310.1841,0.2147285,0.9399752,0.237326,359.9209,339.917,2.336903

1.542912,0.2147285,0.9399752,0.237326,359.9209,339.917,2.336903,-0.02616687,1.747251,0.6585472,352.2331,292.4043,310.1841,0.2147285,0.9399752,0.237326,359.9209,339.917,2.336903

1.566533,0.2147285,0.9399752,0.237326,359.9209,339.917,2.336903,-0.02616689,1.747251,0.6585472,352.2331,292.4044,310.1841,0.2147285,0.9399752,0.237326,359.9209,339.917,2.336903

1.591891,0.2147285,0.9399752,0.237326,359.9209,339.917,2.336903,-0.02616675,1.747251,0.6585468,352.2332,292.4043,310.1841,0.2147285,0.9399752,0.237326,359.9209,339.917,2.336903

1.617973,0.2147285,0.9399752,0.237326,359.9209,339.917,2.336903,-0.02616681,1.747251,0.658547,352.2332,292.4043,310.1841,0.2147285,0.9399752,0.237326,359.9209,339.917,2.336903

1.641789,0.2147285,0.9399752,0.237326,359.9209,339.917,2.336903,-0.02616681,1.747251,0.658547,352.2332,292.4043,310.1841,0.2147285,0.9399752,0.237326,359.9209,339.917,2.336903

1.666718,0.2147285,0.9399752,0.237326,359.9209,339.917,2.336903,-0.02616684,1.747251,0.6585471,352.2331,292.4043,310.1841,0.2147285,0.9399752,0.237326,359.9209,339.917,2.336903

1.691814,0.2147285,0.9399752,0.237326,359.9209,339.917,2.336903,-0.02616692,1.747252,0.6585473,352.2331,292.4044,310.1841,0.2147285,0.9399752,0.237326,359.9209,339.917,2.336903

1.717291,0.2147285,0.9399752,0.237326,359.9209,339.917,2.336903,-0.02616675,1.747251,0.6585469,352.2332,292.4043,310.1841,0.2147285,0.9399752,0.237326,359.9209,339.917,2.336903

1.74127,0.2147285,0.9399752,0.237326,359.9209,339.917,2.336903,-0.02616681,1.747251,0.658547,352.2332,292.4043,310.1841,0.2147285,0.9399752,0.237326,359.9209,339.917,2.336903

1.766711,0.2147285,0.9399752,0.237326,359.9209,339.917,2.336903,-0.02616684,1.747251,0.6585471,352.2331,292.4043,310.1841,0.2147285,0.9399752,0.237326,359.9209,339.917,2.336903

1.791849,0.2147285,0.9399752,0.237326,359.9209,339.917,2.336903,-0.02616681,1.747251,0.658547,352.2332,292.4043,310.1841,0.2147285,0.9399752,0.237326,359.9209,339.917,2.336903

1.816383,0.2147285,0.9399752,0.237326,359.9209,339.917,2.336903,-0.02616687,1.747251,0.6585472,352.2331,292.4043,310.1841,0.2147285,0.9399752,0.237326,359.9209,339.917,2.336903

1.842296,0.2147285,0.9399752,0.237326,359.9209,339.917,2.336903,-0.02616689,1.747251,0.6585472,352.2331,292.4043,310.1841,0.2147285,0.9399752,0.237326,359.9209,339.917,2.336903

1.867625,0.2147285,0.9399752,0.237326,359.9209,339.917,2.336903,-0.02616681,1.747251,0.658547,352.2332,292.4043,310.1841,0.2147285,0.9399752,0.237326,359.9209,339.917,2.336903

1.891834,0.2147285,0.9399752,0.237326,359.9209,339.917,2.336903,-0.02616681,1.747251,0.658547,352.2332,292.4043,310.1841,0.2147285,0.9399752,0.237326,359.9209,339.917,2.336903

1.917239,0.2147285,0.9399752,0.237326,359.9209,339.917,2.336903,-0.02616681,1.747251,0.658547,352.2332,292.4043,310.1841,0.2147285,0.9399752,0.237326,359.9209,339.917,2.336903

1.942608,0.2147285,0.9399752,0.237326,359.9209,339.917,2.336903,-0.02616684,1.747251,0.658547,352.2331,292.4043,310.1841,0.2147285,0.9399752,0.237326,359.9209,339.917,2.336903

1.966629,0.2147285,0.9399752,0.237326,359.9209,339.917,2.336903,-0.02616678,1.747251,0.6585469,352.2332,292.4043,310.1841,0.2147285,0.9399752,0.237326,359.9209,339.917,2.336903

1.991606,0.2147285,0.9399752,0.237326,359.9209,339.917,2.336903,-0.02616678,1.747251,0.6585469,352.2332,292.4043,310.1841,0.2147285,0.9399752,0.237326,359.9209,339.917,2.336903

2.016893,0.2147285,0.9399752,0.237326,359.9209,339.917,2.336903,-0.02616678,1.747251,0.6585469,352.2332,292.4043,310.1841,0.2147285,0.9399752,0.237326,359.9209,339.917,2.336903

2.059338,0.2147285,0.9399752,0.237326,359.9209,339.917,2.336903,-0.02616201,1.747244,0.6585318,352.2369,292.4024,310.184,0.2147285,0.9399752,0.237326,359.9209,339.917,2.336903

2.06947,0.2147285,0.9399752,0.237326,359.9209,339.917,2.336903,-0.02616654,1.747251,0.6585462,352.2333,292.4042,310.1841,0.2147285,0.9399752,0.237326,359.9209,339.917,2.336903

2.092003,0.2147285,0.9399752,0.237326,359.9209,339.917,2.336903,-0.02616684,1.747251,0.658547,352.2331,292.4043,310.1841,0.2147285,0.9399752,0.237326,359.9209,339.917,2.336903

2.118273,0.2147285,0.9399752,0.237326,359.9209,339.917,2.336903,-0.0261669,1.747251,0.6585472,352.2331,292.4043,310.1841,0.2147285,0.9399752,0.237326,359.9209,339.917,2.336903

2.143169,0.2147285,0.9399752,0.237326,359.9209,339.917,2.336903,-0.02616693,1.747251,0.6585473,352.2331,292.4044,310.1841,0.2147285,0.9399752,0.237326,359.9209,339.917,2.336903

2.168065,0.2147285,0.9399752,0.237326,359.9209,339.917,2.336903,-0.02616681,1.747251,0.658547,352.2332,292.4043,310.1841,0.2147285,0.9399752,0.237326,359.9209,339.917,2.336903

2.192737,0.2147285,0.9399752,0.237326,359.9209,339.917,2.336903,-0.02616681,1.747251,0.658547,352.2332,292.4043,310.1841,0.2147285,0.9399752,0.237326,359.9209,339.917,2.336903

2.217445,0.2147285,0.9399752,0.237326,359.9209,339.917,2.336903,-0.02616684,1.747251,0.658547,352.2331,292.4043,310.1841,0.2147285,0.9399752,0.237326,359.9209,339.917,2.336903

2.242595,0.2147285,0.9399752,0.237326,359.9209,339.917,2.336903,-0.02616684,1.747251,0.6585471,352.2331,292.4043,310.1841,0.2147285,0.9399752,0.237326,359.9209,339.917,2.336903

2.267513,0.2147285,0.9399752,0.237326,359.9209,339.917,2.336903,-0.02616687,1.747251,0.6585472,352.2331,292.4043,310.1841,0.2147285,0.9399752,0.237326,359.9209,339.917,2.336903

2.292351,0.2147285,0.9399752,0.237326,359.9209,339.917,2.336903,-0.02616693,1.747251,0.6585473,352.2331,292.4044,310.1841,0.2147285,0.9399752,0.237326,359.9209,339.917,2.336903

2.317033,0.2147285,0.9399752,0.237326,359.9209,339.917,2.336903,-0.0261668,1.747251,0.658547,352.2332,292.4043,310.1841,0.2147285,0.9399752,0.237326,359.9209,339.917,2.336903

2.342037,0.2147285,0.9399752,0.237326,359.9209,339.917,2.336903,-0.0261668,1.747251,0.658547,352.2332,292.4043,310.1841,0.2147285,0.9399752,0.237326,359.9209,339.917,2.336903

2.367033,0.2147285,0.9399752,0.237326,359.9209,339.917,2.336903,-0.02616684,1.747251,0.6585471,352.2331,292.4043,310.1841,0.2147285,0.9399752,0.237326,359.9209,339.917,2.336903

2.392535,0.2147285,0.9399752,0.237326,359.9209,339.917,2.336903,-0.02616675,1.747251,0.6585468,352.2332,292.4043,310.1841,0.2147285,0.9399752,0.237326,359.9209,339.917,2.336903

2.41855,0.2147285,0.9399752,0.237326,359.9209,339.917,2.336903,-0.02616678,1.747251,0.6585469,352.2332,292.4043,310.1841,0.2147285,0.9399752,0.237326,359.9209,339.917,2.336903

2.463403,0.2147285,0.9399752,0.237326,359.9209,339.917,2.336903,-0.02616091,1.747242,0.6585285,352.2377,292.4019,310.1839,0.2147285,0.9399752,0.237326,359.9209,339.917,2.336903

2.476704,0.2147285,0.9399752,0.237326,359.9209,339.917,2.336903,-0.02616395,1.747247,0.658538,352.2354,292.4031,310.184,0.2147285,0.9399752,0.237326,359.9209,339.917,2.336903

2.492411,0.2147285,0.9399752,0.237326,359.9209,339.917,2.336903,-0.02616684,1.747251,0.658547,352.2331,292.4043,310.1841,0.2147285,0.9399752,0.237326,359.9209,339.917,2.336903

2.517869,0.2147285,0.9399752,0.237326,359.9209,339.917,2.336903,-0.0261669,1.747251,0.6585472,352.2331,292.4043,310.1841,0.2147285,0.9399752,0.237326,359.9209,339.917,2.336903

2.542474,0.2147285,0.9399752,0.237326,359.9209,339.917,2.336903,-0.0261669,1.747251,0.6585472,352.2331,292.4043,310.1841,0.2147285,0.9399752,0.237326,359.9209,339.917,2.336903

2.568043,0.2147285,0.9399752,0.237326,359.9209,339.917,2.336903,-0.02616693,1.747251,0.6585473,352.2331,292.4044,310.1841,0.2147285,0.9399752,0.237326,359.9209,339.917,2.336903

2.593355,0.2147285,0.9399752,0.237326,359.9209,339.917,2.336903,-0.0261668,1.747251,0.658547,352.2332,292.4043,310.1841,0.2147285,0.9399752,0.237326,359.9209,339.917,2.336903

2.618731,0.2147285,0.9399752,0.237326,359.9209,339.917,2.336903,-0.02616681,1.747251,0.658547,352.2332,292.4043,310.1841,0.2147285,0.9399752,0.237326,359.9209,339.917,2.336903

2.643479,0.2147285,0.9399752,0.237326,359.9209,339.917,2.336903,-0.02616668,1.747251,0.6585465,352.2332,292.4042,310.1841,0.2147285,0.9399752,0.237326,359.9209,339.917,2.336903

2.668041,0.2147285,0.9399752,0.237326,359.9209,339.917,2.336903,-0.02616687,1.747251,0.6585472,352.2331,292.4043,310.1841,0.2147285,0.9399752,0.237326,359.9209,339.917,2.336903

2.692897,0.2147285,0.9399752,0.237326,359.9209,339.917,2.336903,-0.0261669,1.747251,0.6585472,352.2331,292.4043,310.1841,0.2147285,0.9399752,0.237326,359.9209,339.917,2.336903

2.717434,0.2147285,0.9399752,0.237326,359.9209,339.917,2.336903,-0.02616681,1.747251,0.658547,352.2332,292.4043,310.1841,0.2147285,0.9399752,0.237326,359.9209,339.917,2.336903

2.742587,0.2147285,0.9399752,0.237326,359.9209,339.917,2.336903,-0.02616681,1.747251,0.658547,352.2332,292.4043,310.1841,0.2147285,0.9399752,0.237326,359.9209,339.917,2.336903

2.767132,0.2147285,0.9399752,0.237326,359.9209,339.917,2.336903,-0.02616684,1.747251,0.658547,352.2331,292.4043,310.1841,0.2147285,0.9399752,0.237326,359.9209,339.917,2.336903

2.793158,0.2147285,0.9399752,0.237326,359.9209,339.917,2.336903,-0.02616675,1.747251,0.6585468,352.2332,292.4043,310.1841,0.2147285,0.9399752,0.237326,359.9209,339.917,2.336903

2.817658,0.2147285,0.9399752,0.237326,359.9209,339.917,2.336903,-0.02616689,1.747251,0.6585472,352.2331,292.4043,310.1841,0.2147285,0.9399752,0.237326,359.9209,339.917,2.336903

2.871675,0.2147285,0.9399752,0.237326,359.9209,339.917,2.336903,-0.0261586,1.747238,0.6585213,352.2395,292.401,310.1838,0.2147285,0.9399752,0.237326,359.9209,339.917,2.336903

2.893331,0.2147285,0.9399752,0.237326,359.9209,339.917,2.336903,-0.0261668,1.747251,0.658547,352.2332,292.4043,310.1841,0.2147285,0.9399752,0.237326,359.9209,339.917,2.336903

2.918793,0.2147285,0.9399752,0.237326,359.9209,339.917,2.336903,-0.02616684,1.747251,0.658547,352.2331,292.4043,310.1841,0.2147285,0.9399752,0.237326,359.9209,339.917,2.336903

2.945496,0.2147285,0.9399752,0.237326,359.9209,339.917,2.336903,-0.02616684,1.747251,0.6585471,352.2331,292.4043,310.1841,0.2147285,0.9399752,0.237326,359.9209,339.917,2.336903

2.968938,0.2147285,0.9399752,0.237326,359.9209,339.917,2.336903,-0.02616678,1.747251,0.6585469,352.2332,292.4043,310.1841,0.2147285,0.9399752,0.237326,359.9209,339.917,2.336903

2.993541,0.2147285,0.9399752,0.237326,359.9209,339.917,2.336903,-0.02616678,1.747251,0.6585469,352.2332,292.4043,310.1841,0.2147285,0.9399752,0.237326,359.9209,339.917,2.336903

3.01802,0.2147285,0.9399752,0.237326,359.9209,339.917,2.336903,-0.0261668,1.747251,0.658547,352.2332,292.4043,310.1841,0.2147285,0.9399752,0.237326,359.9209,339.917,2.336903

3.042695,0.2147285,0.9399752,0.237326,359.9209,339.917,2.336903,-0.02616684,1.747251,0.658547,352.2331,292.4043,310.1841,0.2147285,0.9399752,0.237326,359.9209,339.917,2.336903

3.068053,0.2147285,0.9399752,0.237326,359.9209,339.917,2.336903,-0.02616687,1.747251,0.6585471,352.2331,292.4043,310.1841,0.2147285,0.9399752,0.237326,359.9209,339.917,2.336903

3.093395,0.2147285,0.9399752,0.237326,359.9209,339.917,2.336903,-0.02616689,1.747251,0.6585472,352.2331,292.4044,310.1841,0.2147285,0.9399752,0.237326,359.9209,339.917,2.336903

3.118858,0.2147285,0.9399752,0.237326,359.9209,339.917,2.336903,-0.02616695,1.747252,0.6585474,352.233,292.4044,310.1841,0.2147285,0.9399752,0.237326,359.9209,339.917,2.336903

3.144398,0.2147285,0.9399752,0.237326,359.9209,339.917,2.336903,-0.0261668,1.747251,0.658547,352.2332,292.4043,310.1841,0.2147285,0.9399752,0.237326,359.9209,339.917,2.336903

3.169219,0.2147285,0.9399752,0.237326,359.9209,339.917,2.336903,-0.0261668,1.747251,0.658547,352.2332,292.4043,310.1841,0.2147285,0.9399752,0.237326,359.9209,339.917,2.336903

3.194945,0.2147285,0.9399752,0.237326,359.9209,339.917,2.336903,-0.02616684,1.747251,0.658547,352.2331,292.4043,310.1841,0.2147285,0.9399752,0.237326,359.9209,339.917,2.336903

3.218257,0.2147285,0.9399752,0.237326,359.9209,339.917,2.336903,-0.02616687,1.747251,0.6585472,352.2331,292.4043,310.1841,0.2147285,0.9399752,0.237326,359.9209,339.917,2.336903

3.265377,0.2147285,0.9399752,0.237326,359.9209,339.917,2.336903,-0.02616027,1.747241,0.6585265,352.2382,292.4017,310.1839,0.2147285,0.9399752,0.237326,359.9209,339.917,2.336903

3.280036,0.2147285,0.9399752,0.237326,359.9209,339.917,2.336903,-0.02616434,1.747247,0.6585393,352.235,292.4033,310.184,0.2147285,0.9399752,0.237326,359.9209,339.917,2.336903

3.296586,0.2147285,0.9399752,0.237326,359.9209,339.917,2.336903,-0.02616589,1.74725,0.6585441,352.2339,292.4039,310.1841,0.2147285,0.9399752,0.237326,359.9209,339.917,2.336903

3.318546,0.2147285,0.9399752,0.237326,359.9209,339.917,2.336903,-0.02616681,1.747251,0.658547,352.2331,292.4043,310.1841,0.2147285,0.9399752,0.237326,359.9209,339.917,2.336903

3.343371,0.2147285,0.9399752,0.237326,359.9209,339.917,2.336903,-0.02616687,1.747251,0.6585471,352.2331,292.4043,310.1841,0.2147285,0.9399752,0.237326,359.9209,339.917,2.336903

3.36988,0.2147285,0.9399752,0.237326,359.9209,339.917,2.336903,-0.0261669,1.747251,0.6585472,352.2331,292.4043,310.1841,0.2147285,0.9399752,0.237326,359.9209,339.917,2.336903

3.393847,0.2147285,0.9399752,0.237326,359.9209,339.917,2.336903,-0.0261669,1.747251,0.6585472,352.2331,292.4043,310.1841,0.2147285,0.9399752,0.237326,359.9209,339.917,2.336903

3.419899,0.2147285,0.9399752,0.237326,359.9209,339.917,2.336903,-0.02616663,1.747251,0.6585465,352.2333,292.4042,310.1841,0.2147285,0.9399752,0.237326,359.9209,339.917,2.336903

3.443864,0.2147285,0.9399752,0.237326,359.9209,339.917,2.336903,-0.02616681,1.747251,0.658547,352.2332,292.4043,310.1841,0.2147285,0.9399752,0.237326,359.9209,339.917,2.336903

3.468463,0.2147285,0.9399752,0.237326,359.9209,339.917,2.336903,-0.02616684,1.747251,0.658547,352.2331,292.4043,310.1841,0.2147285,0.9399752,0.237326,359.9209,339.917,2.336903

3.493693,0.2147285,0.9399752,0.237326,359.9209,339.917,2.336903,-0.02616684,1.747251,0.658547,352.2331,292.4043,310.1841,0.2147285,0.9399752,0.237326,359.9209,339.917,2.336903

3.518524,0.2147285,0.9399752,0.237326,359.9209,339.917,2.336903,-0.02616693,1.747251,0.6585473,352.2331,292.4044,310.1841,0.2147285,0.9399752,0.237326,359.9209,339.917,2.336903

3.543865,0.2147285,0.9399752,0.237326,359.9209,339.917,2.336903,-0.0261668,1.747251,0.658547,352.2332,292.4043,310.1841,0.2147285,0.9399752,0.237326,359.9209,339.917,2.336903

3.568315,0.2147285,0.9399752,0.237326,359.9209,339.917,2.336903,-0.02616681,1.747251,0.658547,352.2331,292.4043,310.1841,0.2147285,0.9399752,0.237326,359.9209,339.917,2.336903

3.593438,0.2147285,0.9399752,0.237326,359.9209,339.917,2.336903,-0.02616681,1.747251,0.658547,352.2331,292.4043,310.1841,0.2147285,0.9399752,0.237326,359.9209,339.917,2.336903

3.619222,0.2147285,0.9399752,0.237326,359.9209,339.917,2.336903,-0.02616684,1.747251,0.658547,352.2331,292.4043,310.1841,0.2147285,0.9399752,0.237326,359.9209,339.917,2.336903

3.666851,0.2147285,0.9399752,0.237326,359.9209,339.917,2.336903,-0.02615994,1.747241,0.6585254,352.2385,292.4016,310.1839,0.2147285,0.9399752,0.237326,359.9209,339.917,2.336903

3.694015,0.2147285,0.9399752,0.237326,359.9209,339.917,2.336903,-0.02616678,1.747251,0.6585469,352.2332,292.4043,310.1841,0.2147285,0.9399752,0.237326,359.9209,339.917,2.336903

3.719631,0.2147285,0.9399752,0.237326,359.9209,339.917,2.336903,-0.02616681,1.747251,0.658547,352.2332,292.4043,310.1841,0.2147285,0.9399752,0.237326,359.9209,339.917,2.336903

3.743991,0.2147285,0.9399752,0.237326,359.9209,339.917,2.336903,-0.02616681,1.747251,0.658547,352.2331,292.4043,310.1841,0.2147285,0.9399752,0.237326,359.9209,339.917,2.336903

3.768821,0.2147285,0.9399752,0.237326,359.9209,339.917,2.336903,-0.02616687,1.747251,0.6585471,352.2331,292.4043,310.1841,0.2147285,0.9399752,0.237326,359.9209,339.917,2.336903

3.794204,0.2147285,0.9399752,0.237326,359.9209,339.917,2.336903,-0.02616684,1.747251,0.6585471,352.2331,292.4043,310.1841,0.2147285,0.9399752,0.237326,359.9209,339.917,2.336903

3.819823,0.2147285,0.9399752,0.237326,359.9209,339.917,2.336903,-0.02616693,1.747252,0.6585474,352.2331,292.4044,310.1841,0.2147285,0.9399752,0.237326,359.9209,339.917,2.336903

3.84423,0.2147285,0.9399752,0.237326,359.9209,339.917,2.336903,-0.02616681,1.747251,0.658547,352.2332,292.4043,310.1841,0.2147285,0.9399752,0.237326,359.9209,339.917,2.336903

3.869241,0.2147285,0.9399752,0.237326,359.9209,339.917,2.336903,-0.02616681,1.747251,0.658547,352.2331,292.4043,310.1841,0.2147285,0.9399752,0.237326,359.9209,339.917,2.336903

3.893726,0.2147285,0.9399752,0.237326,359.9209,339.917,2.336903,-0.02616681,1.747251,0.658547,352.2331,292.4043,310.1841,0.2147285,0.9399752,0.237326,359.9209,339.917,2.336903

3.919096,0.2147285,0.9399752,0.237326,359.9209,339.917,2.336903,-0.02616687,1.747251,0.6585471,352.2331,292.4043,310.1841,0.2147285,0.9399752,0.237326,359.9209,339.917,2.336903

3.944651,0.2147285,0.9399752,0.237326,359.9209,339.917,2.336903,-0.02616681,1.747251,0.658547,352.2332,292.4043,310.1841,0.2147285,0.9399752,0.237326,359.9209,339.917,2.336903

3.978759,0.2147285,0.9399752,0.237326,359.9209,339.917,2.336903,-0.02616681,1.747251,0.658547,352.2332,292.4043,310.1841,0.2147285,0.9399752,0.237326,359.9209,339.917,2.336903

4.000953,0.2147285,0.9399752,0.237326,359.9209,339.917,2.336903,-0.02616592,1.74725,0.6585442,352.2339,292.4039,310.1841,0.2147285,0.9399752,0.237326,359.9209,339.917,2.336903

4.049827,0.2147285,0.9399752,0.237326,359.9209,339.917,2.336903,-0.02615796,1.747237,0.6585191,352.2401,292.4008,310.1838,0.2147285,0.9399752,0.237326,359.9209,339.917,2.336903

4.072268,0.2147285,0.9399752,0.237326,359.9209,339.917,2.336903,-0.02616614,1.74725,0.658545,352.2337,292.4041,310.1841,0.2147285,0.9399752,0.237326,359.9209,339.917,2.336903

4.093923,0.2147285,0.9399752,0.237326,359.9209,339.917,2.336903,-0.02616693,1.747252,0.6585474,352.2331,292.4044,310.1841,0.2147285,0.9399752,0.237326,359.9209,339.917,2.336903

4.120982,0.2147285,0.9399752,0.237326,359.9209,339.917,2.336903,-0.0261668,1.747251,0.658547,352.2332,292.4043,310.1841,0.2147285,0.9399752,0.237326,359.9209,339.917,2.336903

4.1457,0.2147285,0.9399752,0.237326,359.9209,339.917,2.336903,-0.02616681,1.747251,0.658547,352.2332,292.4043,310.1841,0.2147285,0.9399752,0.237326,359.9209,339.917,2.336903

4.171055,0.2147285,0.9399752,0.237326,359.9209,339.917,2.336903,-0.0261668,1.747251,0.658547,352.2332,292.4043,310.1841,0.2147285,0.9399752,0.237326,359.9209,339.917,2.336903

4.196921,0.2147285,0.9399752,0.237326,359.9209,339.917,2.336903,-0.02616692,1.747252,0.6585473,352.2331,292.4044,310.1841,0.2147285,0.9399752,0.237326,359.9209,339.917,2.336903

4.222047,0.2147285,0.9399752,0.237326,359.9209,339.917,2.336903,-0.02616675,1.747251,0.6585468,352.2332,292.4043,310.1841,0.2147285,0.9399752,0.237326,359.9209,339.917,2.336903

4.243619,0.2147285,0.9399752,0.237326,359.9209,339.917,2.336903,-0.02616681,1.747251,0.658547,352.2332,292.4043,310.1841,0.2147285,0.9399752,0.237326,359.9209,339.917,2.336903

4.271327,0.2147285,0.9399752,0.237326,359.9209,339.917,2.336903,-0.02616681,1.747251,0.658547,352.2332,292.4043,310.1841,0.2147285,0.9399752,0.237326,359.9209,339.917,2.336903

4.293644,0.2147285,0.9399752,0.237326,359.9209,339.917,2.336903,-0.02616681,1.747251,0.658547,352.2331,292.4043,310.1841,0.2147285,0.9399752,0.237326,359.9209,339.917,2.336903

4.318935,0.2147285,0.9399752,0.237326,359.9209,339.917,2.336903,-0.02616681,1.747251,0.658547,352.2331,292.4043,310.1841,0.2147285,0.9399752,0.237326,359.9209,339.917,2.336903

4.343833,0.2147285,0.9399752,0.237326,359.9209,339.917,2.336903,-0.02616687,1.747251,0.6585471,352.2331,292.4043,310.1841,0.2147285,0.9399752,0.237326,359.9209,339.917,2.336903

4.369338,0.2147285,0.9399752,0.237326,359.9209,339.917,2.336903,-0.02616675,1.747251,0.6585468,352.2332,292.4043,310.1841,0.2147285,0.9399752,0.237326,359.9209,339.917,2.336903

4.393932,0.2147285,0.9399752,0.237326,359.9209,339.917,2.336903,-0.02616681,1.747251,0.658547,352.2332,292.4043,310.1841,0.2147285,0.9399752,0.237326,359.9209,339.917,2.336903

4.418921,0.2147285,0.9399752,0.237326,359.9209,339.917,2.336903,-0.02616681,1.747251,0.658547,352.2332,292.4043,310.1841,0.2147285,0.9399752,0.237326,359.9209,339.917,2.336903

4.471984,0.2147285,0.9399752,0.237326,359.9209,339.917,2.336903,-0.02615871,1.747239,0.6585215,352.2395,292.4011,310.1838,0.2147285,0.9399752,0.237326,359.9209,339.917,2.336903

4.493598,0.2147285,0.9399752,0.237326,359.9209,339.917,2.336903,-0.02616692,1.747252,0.6585473,352.2331,292.4044,310.1841,0.2147285,0.9399752,0.237326,359.9209,339.917,2.336903

4.519235,0.2147285,0.9399752,0.237326,359.9209,339.917,2.336903,-0.02616693,1.747252,0.6585474,352.2331,292.4044,310.1841,0.2147285,0.9399752,0.237326,359.9209,339.917,2.336903

4.543728,0.2147285,0.9399752,0.237326,359.9209,339.917,2.336903,-0.02616681,1.747251,0.658547,352.2332,292.4043,310.1841,0.2147285,0.9399752,0.237326,359.9209,339.917,2.336903

4.568464,0.2147285,0.9399752,0.237326,359.9209,339.917,2.336903,-0.02616681,1.747251,0.658547,352.2332,292.4043,310.1841,0.2147285,0.9399752,0.237326,359.9209,339.917,2.336903

4.596233,0.2147285,0.9399752,0.237326,359.9209,339.917,2.336903,-0.02616684,1.747251,0.658547,352.2331,292.4043,310.1841,0.2147285,0.9399752,0.237326,359.9209,339.917,2.336903

4.618899,0.2147285,0.9399752,0.237326,359.9209,339.917,2.336903,-0.02616687,1.747251,0.6585472,352.2331,292.4043,310.1841,0.2147285,0.9399752,0.237326,359.9209,339.917,2.336903

4.643974,0.2147285,0.9399752,0.237326,359.9209,339.917,2.336903,-0.02616678,1.747251,0.6585469,352.2332,292.4043,310.1841,0.2147285,0.9399752,0.237326,359.9209,339.917,2.336903

4.67009,0.2147285,0.9399752,0.237326,359.9209,339.917,2.336903,-0.02616675,1.747251,0.6585468,352.2332,292.4043,310.1841,0.2147285,0.9399752,0.237326,359.9209,339.917,2.336903

4.694392,0.2147285,0.9399752,0.237326,359.9209,339.917,2.336903,-0.02616681,1.747251,0.658547,352.2332,292.4043,310.1841,0.2147285,0.9399752,0.237326,359.9209,339.917,2.336903

4.719324,0.2147285,0.9399752,0.237326,359.9209,339.917,2.336903,-0.02616681,1.747251,0.658547,352.2331,292.4043,310.1841,0.2147285,0.9399752,0.237326,359.9209,339.917,2.336903

4.743273,0.2147285,0.9399752,0.237326,359.9209,339.917,2.336903,-0.02616687,1.747251,0.6585472,352.2331,292.4043,310.1841,0.2147285,0.9399752,0.237326,359.9209,339.917,2.336903

4.768392,0.2147285,0.9399752,0.237326,359.9209,339.917,2.336903,-0.02616687,1.747251,0.6585472,352.2331,292.4043,310.1841,0.2147285,0.9399752,0.237326,359.9209,339.917,2.336903

4.793701,0.2147285,0.9399752,0.237326,359.9209,339.917,2.336903,-0.02616689,1.747251,0.6585472,352.2331,292.4043,310.1841,0.2147285,0.9399752,0.237326,359.9209,339.917,2.336903

4.818942,0.2147285,0.9399752,0.237326,359.9209,339.917,2.336903,-0.02616693,1.747251,0.6585473,352.2331,292.4044,310.1841,0.2147285,0.9399752,0.237326,359.9209,339.917,2.336903

4.875905,0.2147285,0.9399752,0.237326,359.9209,339.917,2.336903,-0.02615792,1.747237,0.658519,352.2401,292.4008,310.1838,0.2147285,0.9399752,0.237326,359.9209,339.917,2.336903

4.893277,0.2147285,0.9399752,0.237326,359.9209,339.917,2.336903,-0.0261669,1.747251,0.6585472,352.2331,292.4043,310.1841,0.2147285,0.9399752,0.237326,359.9209,339.917,2.336903

4.918564,0.2147285,0.9399752,0.237326,359.9209,339.917,2.336903,-0.02616689,1.747251,0.6585472,352.2331,292.4043,310.1841,0.2147285,0.9399752,0.237326,359.9209,339.917,2.336903

4.944252,0.2147285,0.9399752,0.237326,359.9209,339.917,2.336903,-0.02616678,1.747251,0.6585469,352.2332,292.4043,310.1841,0.2147285,0.9399752,0.237326,359.9209,339.917,2.336903

4.969769,0.2147285,0.9399752,0.237326,359.9209,339.917,2.336903,-0.0261668,1.747251,0.658547,352.2332,292.4043,310.1841,0.2147285,0.9399752,0.237326,359.9209,339.917,2.336903

4.994818,0.2147285,0.9399752,0.237326,359.9209,339.917,2.336903,-0.02616684,1.747251,0.658547,352.2331,292.4043,310.1841,0.2147285,0.9399752,0.237326,359.9209,339.917,2.336903

5.018921,0.2147285,0.9399752,0.237326,359.9209,339.917,2.336903,-0.02616687,1.747251,0.6585471,352.2331,292.4043,310.1841,0.2147285,0.9399752,0.237326,359.9209,339.917,2.336903

5.043104,0.2147285,0.9399752,0.237326,359.9209,339.917,2.336903,-0.02616684,1.747251,0.6585471,352.2331,292.4043,310.1841,0.2147285,0.9399752,0.237326,359.9209,339.917,2.336903

5.068517,0.2147285,0.9399752,0.237326,359.9209,339.917,2.336903,-0.02616675,1.747251,0.6585469,352.2332,292.4043,310.1841,0.2147285,0.9399752,0.237326,359.9209,339.917,2.336903

5.093261,0.2147285,0.9399752,0.237326,359.9209,339.917,2.336903,-0.02616681,1.747251,0.658547,352.2332,292.4043,310.1841,0.2147285,0.9399752,0.237326,359.9209,339.917,2.336903

5.118809,0.2147285,0.9399752,0.237326,359.9209,339.917,2.336903,-0.02616681,1.747251,0.658547,352.2332,292.4043,310.1841,0.2147285,0.9399752,0.237326,359.9209,339.917,2.336903

5.14302,0.2147285,0.9399752,0.237326,359.9209,339.917,2.336903,-0.02616681,1.747251,0.658547,352.2332,292.4043,310.1841,0.2147285,0.9399752,0.237326,359.9209,339.917,2.336903

5.169116,0.2147285,0.9399752,0.237326,359.9209,339.917,2.336903,-0.02616687,1.747251,0.6585471,352.2331,292.4043,310.1841,0.2147285,0.9399752,0.237326,359.9209,339.917,2.336903

5.193203,0.2147285,0.9399752,0.237326,359.9209,339.917,2.336903,-0.02616689,1.747251,0.6585472,352.2331,292.4043,310.1841,0.2147285,0.9399752,0.237326,359.9209,339.917,2.336903

5.218269,0.2147285,0.9399752,0.237326,359.9209,339.917,2.336903,-0.02616689,1.747251,0.6585472,352.2331,292.4043,310.1841,0.2147285,0.9399752,0.237326,359.9209,339.917,2.336903

5.275263,0.2147285,0.9399752,0.237326,359.9209,339.917,2.336903,-0.02615756,1.747237,0.658518,352.2403,292.4006,310.1838,0.2147285,0.9399752,0.237326,359.9209,339.917,2.336903

5.293835,0.2147285,0.9399752,0.237326,359.9209,339.917,2.336903,-0.02616689,1.747251,0.6585472,352.2331,292.4043,310.1841,0.2147285,0.9399752,0.237326,359.9209,339.917,2.336903

5.318346,0.2147285,0.9399752,0.237326,359.9209,339.917,2.336903,-0.02616687,1.747251,0.6585471,352.2331,292.4043,310.1841,0.2147285,0.9399752,0.237326,359.9209,339.917,2.336903

5.343271,0.2147285,0.9399752,0.237326,359.9209,339.917,2.336903,-0.02616681,1.747251,0.658547,352.2332,292.4043,310.1841,0.2147285,0.9399752,0.237326,359.9209,339.917,2.336903

5.368745,0.2147285,0.9399752,0.237326,359.9209,339.917,2.336903,-0.02616695,1.747251,0.6585474,352.2331,292.4044,310.1841,0.2147285,0.9399752,0.237326,359.9209,339.917,2.336903

5.393212,0.2147285,0.9399752,0.237326,359.9209,339.917,2.336903,-0.02616684,1.747251,0.658547,352.2331,292.4043,310.1841,0.2147285,0.9399752,0.237326,359.9209,339.917,2.336903

5.419528,0.2147285,0.9399752,0.237326,359.9209,339.917,2.336903,-0.02616687,1.747251,0.6585471,352.2331,292.4043,310.1841,0.2147285,0.9399752,0.237326,359.9209,339.917,2.336903

5.443535,0.2147285,0.9399752,0.237326,359.9209,339.917,2.336903,-0.02616687,1.747251,0.6585471,352.2331,292.4043,310.1841,0.2147285,0.9399752,0.237326,359.9209,339.917,2.336903

5.469693,0.2147285,0.9399752,0.237326,359.9209,339.917,2.336903,-0.02616689,1.747251,0.6585472,352.2331,292.4043,310.1841,0.2147285,0.9399752,0.237326,359.9209,339.917,2.336903

5.49434,0.2147285,0.9399752,0.237326,359.9209,339.917,2.336903,-0.02616689,1.747251,0.6585472,352.2331,292.4044,310.1841,0.2147285,0.9399752,0.237326,359.9209,339.917,2.336903

5.518009,0.2147285,0.9399752,0.237326,359.9209,339.917,2.336903,-0.02616681,1.747251,0.658547,352.2332,292.4043,310.1841,0.2147285,0.9399752,0.237326,359.9209,339.917,2.336903

5.543346,0.2147285,0.9399752,0.237326,359.9209,339.917,2.336903,-0.02616681,1.747251,0.658547,352.2331,292.4043,310.1841,0.2147285,0.9399752,0.237326,359.9209,339.917,2.336903

5.568889,0.2147285,0.9399752,0.237326,359.9209,339.917,2.336903,-0.02616684,1.747251,0.658547,352.2331,292.4043,310.1841,0.2147285,0.9399752,0.237326,359.9209,339.917,2.336903

5.593806,0.2147285,0.9399752,0.237326,359.9209,339.917,2.336903,-0.02616687,1.747251,0.6585472,352.2331,292.4043,310.1841,0.2147285,0.9399752,0.237326,359.9209,339.917,2.336903

5.618725,0.2147285,0.9399752,0.237326,359.9209,339.917,2.336903,-0.02616689,1.747251,0.6585472,352.2331,292.4043,310.1841,0.2147285,0.9399752,0.237326,359.9209,339.917,2.336903

5.675362,0.2147285,0.9399752,0.237326,359.9209,339.917,2.336903,-0.02615772,1.747237,0.6585185,352.2402,292.4007,310.1838,0.2147285,0.9399752,0.237326,359.9209,339.917,2.336903

5.693447,0.2147285,0.9399752,0.237326,359.9209,339.917,2.336903,-0.0261668,1.747251,0.658547,352.2332,292.4043,310.1841,0.2147285,0.9399752,0.237326,359.9209,339.917,2.336903

5.719347,0.2147285,0.9399752,0.237326,359.9209,339.917,2.336903,-0.02616687,1.747251,0.6585472,352.2331,292.4043,310.1841,0.2147285,0.9399752,0.237326,359.9209,339.917,2.336903

5.743737,0.2147285,0.9399752,0.237326,359.9209,339.917,2.336903,-0.02616692,1.747252,0.6585473,352.2331,292.4044,310.1841,0.2147285,0.9399752,0.237326,359.9209,339.917,2.336903

5.767516,0.2147285,0.9399752,0.237326,359.9209,339.917,2.336903,-0.02616689,1.747251,0.6585472,352.2331,292.4043,310.1841,0.2147285,0.9399752,0.237326,359.9209,339.917,2.336903

5.793169,0.2147285,0.9399752,0.237326,359.9209,339.917,2.336903,-0.02616681,1.747251,0.658547,352.2332,292.4043,310.1841,0.2147285,0.9399752,0.237326,359.9209,339.917,2.336903

5.81799,0.2147285,0.9399752,0.237326,359.9209,339.917,2.336903,-0.0261668,1.747251,0.658547,352.2332,292.4043,310.1841,0.2147285,0.9399752,0.237326,359.9209,339.917,2.336903

5.843282,0.2147285,0.9399752,0.237326,359.9209,339.917,2.336903,-0.02616681,1.747251,0.658547,352.2331,292.4043,310.1841,0.2147285,0.9399752,0.237326,359.9209,339.917,2.336903

5.870284,0.2147285,0.9399752,0.237326,359.9209,339.917,2.336903,-0.02616689,1.747251,0.6585472,352.2331,292.4043,310.1841,0.2147285,0.9399752,0.237326,359.9209,339.917,2.336903

5.893559,0.2147285,0.9399752,0.237326,359.9209,339.917,2.336903,-0.02616689,1.747251,0.6585472,352.2331,292.4043,310.1841,0.2147285,0.9399752,0.237326,359.9209,339.917,2.336903

5.918406,0.2147285,0.9399752,0.237326,359.9209,339.917,2.336903,-0.02616693,1.747251,0.6585473,352.2331,292.4044,310.1841,0.2147285,0.9399752,0.237326,359.9209,339.917,2.336903

5.944005,0.2147285,0.9399752,0.237326,359.9209,339.917,2.336903,-0.02616681,1.747251,0.658547,352.2332,292.4043,310.1841,0.2147285,0.9399752,0.237326,359.9209,339.917,2.336903

5.969738,0.2147285,0.9399752,0.237326,359.9209,339.917,2.336903,-0.02616695,1.747252,0.6585474,352.233,292.4044,310.1841,0.2147285,0.9399752,0.237326,359.9209,339.917,2.336903

5.994746,0.2147285,0.9399752,0.237326,359.9209,339.917,2.336903,-0.02616684,1.747251,0.658547,352.2331,292.4043,310.1841,0.2147285,0.9399752,0.237326,359.9209,339.917,2.336903

6.019767,0.2147285,0.9399752,0.237326,359.9209,339.917,2.336903,-0.02616689,1.747251,0.6585472,352.2331,292.4043,310.1841,0.2147285,0.9399752,0.237326,359.9209,339.917,2.336903

6.07845,0.2147285,0.9399752,0.237326,359.9209,339.917,2.336903,-0.0261568,1.747236,0.6585155,352.2409,292.4003,310.1838,0.2147285,0.9399752,0.237326,359.9209,339.917,2.336903

6.098948,0.2147285,0.9399752,0.237326,359.9209,339.917,2.336903,-0.02616544,1.747249,0.6585428,352.2342,292.4037,310.1841,0.2147285,0.9399752,0.237326,359.9209,339.917,2.336903

6.119865,0.2147285,0.9399752,0.237326,359.9209,339.917,2.336903,-0.02616687,1.747251,0.6585471,352.2331,292.4043,310.1841,0.2147285,0.9399752,0.237326,359.9209,339.917,2.336903

6.143676,0.2147285,0.9399752,0.237326,359.9209,339.917,2.336903,-0.02616687,1.747251,0.6585472,352.2331,292.4043,310.1841,0.2147285,0.9399752,0.237326,359.9209,339.917,2.336903

6.169934,0.2147285,0.9399752,0.237326,359.9209,339.917,2.336903,-0.02616692,1.747252,0.6585473,352.2331,292.4044,310.1841,0.2147285,0.9399752,0.237326,359.9209,339.917,2.336903

6.192817,0.2147285,0.9399752,0.237326,359.9209,339.917,2.336903,-0.02616678,1.747251,0.6585469,352.2332,292.4043,310.1841,0.2147285,0.9399752,0.237326,359.9209,339.917,2.336903

6.217652,0.2147285,0.9399752,0.237326,359.9209,339.917,2.336903,-0.02616681,1.747251,0.658547,352.2332,292.4043,310.1841,0.2147285,0.9399752,0.237326,359.9209,339.917,2.336903

6.243228,0.2147285,0.9399752,0.237326,359.9209,339.917,2.336903,-0.02616684,1.747251,0.658547,352.2331,292.4043,310.1841,0.2147285,0.9399752,0.237326,359.9209,339.917,2.336903

6.267995,0.2147285,0.9399752,0.237326,359.9209,339.917,2.336903,-0.02616684,1.747251,0.6585471,352.2331,292.4043,310.1841,0.2147285,0.9399752,0.237326,359.9209,339.917,2.336903

6.292877,0.2147285,0.9399752,0.237326,359.9209,339.917,2.336903,-0.0261669,1.747251,0.6585472,352.2331,292.4043,310.1841,0.2147285,0.9399752,0.237326,359.9209,339.917,2.336903

6.319954,0.2147285,0.9399752,0.237326,359.9209,339.917,2.336903,-0.02616687,1.747251,0.6585472,352.2331,292.4043,310.1841,0.2147285,0.9399752,0.237326,359.9209,339.917,2.336903

6.343059,0.2147285,0.9399752,0.237326,359.9209,339.917,2.336903,-0.02616681,1.747251,0.658547,352.2332,292.4043,310.1841,0.2147285,0.9399752,0.237326,359.9209,339.917,2.336903

6.367995,0.2147285,0.9399752,0.237326,359.9209,339.917,2.336903,-0.02616681,1.747251,0.658547,352.2331,292.4043,310.1841,0.2147285,0.9399752,0.237326,359.9209,339.917,2.336903

6.392469,0.2147285,0.9399752,0.237326,359.9209,339.917,2.336903,-0.02616687,1.747251,0.6585471,352.2331,292.4043,310.1841,0.2147285,0.9399752,0.237326,359.9209,339.917,2.336903

6.418268,0.2147285,0.9399752,0.237326,359.9209,339.917,2.336903,-0.02616684,1.747251,0.6585471,352.2331,292.4043,310.1841,0.2147285,0.9399752,0.237326,359.9209,339.917,2.336903

6.479787,0.2147285,0.9399752,0.237326,359.9209,339.917,2.336903,-0.02615635,1.747235,0.6585141,352.2413,292.4001,310.1838,0.2147285,0.9399752,0.237326,359.9209,339.917,2.336903

6.49552,0.2147285,0.9399752,0.237326,359.9209,339.917,2.336903,-0.02616614,1.74725,0.658545,352.2337,292.4041,310.1841,0.2147285,0.9399752,0.237326,359.9209,339.917,2.336903

6.517797,0.2147285,0.9399752,0.237326,359.9209,339.917,2.336903,-0.02616681,1.747251,0.658547,352.2331,292.4043,310.1841,0.2147285,0.9399752,0.237326,359.9209,339.917,2.336903

6.543715,0.2147285,0.9399752,0.237326,359.9209,339.917,2.336903,-0.02616687,1.747251,0.6585471,352.2331,292.4043,310.1841,0.2147285,0.9399752,0.237326,359.9209,339.917,2.336903

6.568658,0.2147285,0.9399752,0.237326,359.9209,339.917,2.336903,-0.02616687,1.747251,0.6585471,352.2331,292.4043,310.1841,0.2147285,0.9399752,0.237326,359.9209,339.917,2.336903

6.593256,0.2147285,0.9399752,0.237326,359.9209,339.917,2.336903,-0.02616692,1.747252,0.6585473,352.2331,292.4044,310.1841,0.2147285,0.9399752,0.237326,359.9209,339.917,2.336903

6.618352,0.2147285,0.9399752,0.237326,359.9209,339.917,2.336903,-0.02616681,1.747251,0.658547,352.2332,292.4043,310.1841,0.2147285,0.9399752,0.237326,359.9209,339.917,2.336903

6.643194,0.2147285,0.9399752,0.237326,359.9209,339.917,2.336903,-0.02616684,1.747251,0.658547,352.2331,292.4043,310.1841,0.2147285,0.9399752,0.237326,359.9209,339.917,2.336903

6.66854,0.2147285,0.9399752,0.237326,359.9209,339.917,2.336903,-0.02616684,1.747251,0.6585471,352.2331,292.4043,310.1841,0.2147285,0.9399752,0.237326,359.9209,339.917,2.336903

6.692713,0.2147285,0.9399752,0.237326,359.9209,339.917,2.336903,-0.02616684,1.747251,0.658547,352.2331,292.4043,310.1841,0.2147285,0.9399752,0.237326,359.9209,339.917,2.336903

6.718269,0.2147285,0.9399752,0.237326,359.9209,339.917,2.336903,-0.02616689,1.747251,0.6585472,352.2331,292.4043,310.1841,0.2147285,0.9399752,0.237326,359.9209,339.917,2.336903

6.743054,0.2147285,0.9399752,0.237326,359.9209,339.917,2.336903,-0.02616693,1.747252,0.6585474,352.2331,292.4044,310.1841,0.2147285,0.9399752,0.237326,359.9209,339.917,2.336903

6.767519,0.2147285,0.9399752,0.237326,359.9209,339.917,2.336903,-0.02616678,1.747251,0.6585469,352.2332,292.4043,310.1841,0.2147285,0.9399752,0.237326,359.9209,339.917,2.336903

6.792463,0.2147285,0.9399752,0.237326,359.9209,339.917,2.336903,-0.02616681,1.747251,0.658547,352.2332,292.4043,310.1841,0.2147285,0.9399752,0.237326,359.9209,339.917,2.336903

6.818006,0.2147285,0.9399752,0.237326,359.9209,339.917,2.336903,-0.02616684,1.747251,0.658547,352.2331,292.4043,310.1841,0.2147285,0.9399752,0.237326,359.9209,339.917,2.336903

6.872731,0.2147285,0.9399752,0.237326,359.9209,339.917,2.336903,-0.02615796,1.747237,0.6585192,352.24,292.4008,310.1838,0.2147285,0.9399752,0.237326,359.9209,339.917,2.336903

6.892659,0.2147285,0.9399752,0.237326,359.9209,339.917,2.336903,-0.02616681,1.747251,0.658547,352.2332,292.4043,310.1841,0.2147285,0.9399752,0.237326,359.9209,339.917,2.336903

6.917948,0.2147285,0.9399752,0.237326,359.9209,339.917,2.336903,-0.02616681,1.747251,0.658547,352.2332,292.4043,310.1841,0.2147285,0.9399752,0.237326,359.9209,339.917,2.336903

6.944401,0.2147285,0.9399752,0.237326,359.9209,339.917,2.336903,-0.02616681,1.747251,0.658547,352.2331,292.4043,310.1841,0.2147285,0.9399752,0.237326,359.9209,339.917,2.336903

6.969133,0.2147285,0.9399752,0.237326,359.9209,339.917,2.336903,-0.02616684,1.747251,0.6585471,352.2331,292.4043,310.1841,0.2147285,0.9399752,0.237326,359.9209,339.917,2.336903

6.994033,0.2147285,0.9399752,0.237326,359.9209,339.917,2.336903,-0.02616689,1.747251,0.6585472,352.2331,292.4043,310.1841,0.2147285,0.9399752,0.237326,359.9209,339.917,2.336903

7.018191,0.2147285,0.9399752,0.237326,359.9209,339.917,2.336903,-0.02616689,1.747251,0.6585472,352.2331,292.4043,310.1841,0.2147285,0.9399752,0.237326,359.9209,339.917,2.336903

7.048439,0.2147285,0.9399752,0.237326,359.9209,339.917,2.336903,-0.02616678,1.747251,0.6585469,352.2332,292.4043,310.1841,0.2147285,0.9399752,0.237326,359.9209,339.917,2.336903

7.06904,0.2147285,0.9399752,0.237326,359.9209,339.917,2.336903,-0.02616684,1.747251,0.658547,352.2331,292.4043,310.1841,0.2147285,0.9399752,0.237326,359.9209,339.917,2.336903

7.092962,0.2147285,0.9399752,0.237326,359.9209,339.917,2.336903,-0.02616684,1.747251,0.658547,352.2331,292.4043,310.1841,0.2147285,0.9399752,0.237326,359.9209,339.917,2.336903

7.118699,0.2147285,0.9399752,0.237326,359.9209,339.917,2.336903,-0.02616684,1.747251,0.658547,352.2331,292.4043,310.1841,0.2147285,0.9399752,0.237326,359.9209,339.917,2.336903

7.143127,0.2147285,0.9399752,0.237326,359.9209,339.917,2.336903,-0.0261669,1.747251,0.6585472,352.2331,292.4043,310.1841,0.2147285,0.9399752,0.237326,359.9209,339.917,2.336903

7.175107,0.2147285,0.9399752,0.237326,359.9209,339.917,2.336903,-0.02616675,1.747251,0.6585468,352.2332,292.4043,310.1841,0.2147285,0.9399752,0.237326,359.9209,339.917,2.336903

7.192992,0.2147285,0.9399752,0.237326,359.9209,339.917,2.336903,-0.02616681,1.747251,0.658547,352.2331,292.4043,310.1841,0.2147285,0.9399752,0.237326,359.9209,339.917,2.336903

7.221051,0.2147285,0.9399752,0.237326,359.9209,339.917,2.336903,-0.02616684,1.747251,0.658547,352.2331,292.4043,310.1841,0.2147285,0.9399752,0.237326,359.9209,339.917,2.336903

7.281562,0.2147285,0.9399752,0.237326,359.9209,339.917,2.336903,-0.02615584,1.747234,0.6585125,352.2417,292.3999,310.1838,0.2147285,0.9399752,0.237326,359.9209,339.917,2.336903

7.298625,0.2147285,0.9399752,0.237326,359.9209,339.917,2.336903,-0.02616528,1.747249,0.6585421,352.2343,292.4037,310.1841,0.2147285,0.9399752,0.237326,359.9209,339.917,2.336903

7.31853,0.2147285,0.9399752,0.237326,359.9209,339.917,2.336903,-0.02616675,1.747251,0.6585469,352.2332,292.4043,310.1841,0.2147285,0.9399752,0.237326,359.9209,339.917,2.336903

7.343131,0.2147285,0.9399752,0.237326,359.9209,339.917,2.336903,-0.02616681,1.747251,0.658547,352.2332,292.4043,310.1841,0.2147285,0.9399752,0.237326,359.9209,339.917,2.336903

7.368334,0.2147285,0.9399752,0.237326,359.9209,339.917,2.336903,-0.0261668,1.747251,0.658547,352.2332,292.4043,310.1841,0.2147285,0.9399752,0.237326,359.9209,339.917,2.336903

7.392523,0.2147285,0.9399752,0.237326,359.9209,339.917,2.336903,-0.02616687,1.747251,0.6585472,352.2331,292.4043,310.1841,0.2147285,0.9399752,0.237326,359.9209,339.917,2.336903

7.417756,0.2147285,0.9399752,0.237326,359.9209,339.917,2.336903,-0.02616687,1.747251,0.6585472,352.2331,292.4043,310.1841,0.2147285,0.9399752,0.237326,359.9209,339.917,2.336903

7.442292,0.2147285,0.9399752,0.237326,359.9209,339.917,2.336903,-0.02616689,1.747251,0.6585472,352.2331,292.4043,310.1841,0.2147285,0.9399752,0.237326,359.9209,339.917,2.336903

7.467855,0.2147285,0.9399752,0.237326,359.9209,339.917,2.336903,-0.02616681,1.747251,0.658547,352.2332,292.4043,310.1841,0.2147285,0.9399752,0.237326,359.9209,339.917,2.336903

7.492777,0.2147285,0.9399752,0.237326,359.9209,339.917,2.336903,-0.02616681,1.747251,0.658547,352.2331,292.4043,310.1841,0.2147285,0.9399752,0.237326,359.9209,339.917,2.336903

7.517981,0.2147285,0.9399752,0.237326,359.9209,339.917,2.336903,-0.02616684,1.747251,0.658547,352.2331,292.4043,310.1841,0.2147285,0.9399752,0.237326,359.9209,339.917,2.336903

7.543479,0.2147285,0.9399752,0.237326,359.9209,339.917,2.336903,-0.0261669,1.747251,0.6585472,352.2331,292.4043,310.1841,0.2147285,0.9399752,0.237326,359.9209,339.917,2.336903

7.568312,0.2147285,0.9399752,0.237326,359.9209,339.917,2.336903,-0.02616687,1.747251,0.6585472,352.2331,292.4043,310.1841,0.2147285,0.9399752,0.237326,359.9209,339.917,2.336903

7.593585,0.2147285,0.9399752,0.237326,359.9209,339.917,2.336903,-0.02616692,1.747252,0.6585473,352.2331,292.4044,310.1841,0.2147285,0.9399752,0.237326,359.9209,339.917,2.336903

7.618983,0.2147285,0.9399752,0.237326,359.9209,339.917,2.336903,-0.02616681,1.747251,0.658547,352.2332,292.4043,310.1841,0.2147285,0.9399752,0.237326,359.9209,339.917,2.336903

7.677448,0.2147285,0.9399752,0.237326,359.9209,339.917,2.336903,-0.02615687,1.747236,0.6585158,352.2409,292.4003,310.1838,0.2147285,0.9399752,0.237326,359.9209,339.917,2.336903

7.692274,0.2147285,0.9399752,0.237326,359.9209,339.917,2.336903,-0.0261669,1.747251,0.6585472,352.2331,292.4043,310.1841,0.2147285,0.9399752,0.237326,359.9209,339.917,2.336903

7.71944,0.2147285,0.9399752,0.237326,359.9209,339.917,2.336903,-0.02616675,1.747251,0.6585469,352.2332,292.4043,310.1841,0.2147285,0.9399752,0.237326,359.9209,339.917,2.336903

7.742745,0.2147285,0.9399752,0.237326,359.9209,339.917,2.336903,-0.02616681,1.747251,0.658547,352.2332,292.4043,310.1841,0.2147285,0.9399752,0.237326,359.9209,339.917,2.336903

7.768093,0.2147285,0.9399752,0.237326,359.9209,339.917,2.336903,-0.02616681,1.747251,0.658547,352.2331,292.4043,310.1841,0.2147285,0.9399752,0.237326,359.9209,339.917,2.336903

7.793203,0.2147285,0.9399752,0.237326,359.9209,339.917,2.336903,-0.02616681,1.747251,0.658547,352.2331,292.4043,310.1841,0.2147285,0.9399752,0.237326,359.9209,339.917,2.336903

7.81781,0.2147285,0.9399752,0.237326,359.9209,339.917,2.336903,-0.02616684,1.747251,0.658547,352.2331,292.4043,310.1841,0.2147285,0.9399752,0.237326,359.9209,339.917,2.336903

7.84231,0.2147285,0.9399752,0.237326,359.9209,339.917,2.336903,-0.02616675,1.747251,0.6585469,352.2332,292.4043,310.1841,0.2147285,0.9399752,0.237326,359.9209,339.917,2.336903

7.870478,0.2147285,0.9399752,0.237326,359.9209,339.917,2.336903,-0.02616675,1.747251,0.6585469,352.2332,292.4043,310.1841,0.2147285,0.9399752,0.237326,359.9209,339.917,2.336903

7.891951,0.2147285,0.9399752,0.237326,359.9209,339.917,2.336903,-0.02616693,1.747252,0.6585474,352.2331,292.4044,310.1841,0.2147285,0.9399752,0.237326,359.9209,339.917,2.336903

7.917462,0.2147285,0.9399752,0.237326,359.9209,339.917,2.336903,-0.02616684,1.747251,0.658547,352.2331,292.4043,310.1841,0.2147285,0.9399752,0.237326,359.9209,339.917,2.336903

7.942428,0.2147285,0.9399752,0.237326,359.9209,339.917,2.336903,-0.02616684,1.747251,0.658547,352.2331,292.4043,310.1841,0.2147285,0.9399752,0.237326,359.9209,339.917,2.336903

7.970108,0.2147285,0.9399752,0.237326,359.9209,339.917,2.336903,-0.02616684,1.747251,0.658547,352.2331,292.4043,310.1841,0.2147285,0.9399752,0.237326,359.9209,339.917,2.336903

7.992981,0.2147285,0.9399752,0.237326,359.9209,339.917,2.336903,-0.02616689,1.747251,0.6585472,352.2331,292.4043,310.1841,0.2147285,0.9399752,0.237326,359.9209,339.917,2.336903

8.017488,0.2147285,0.9399752,0.237326,359.9209,339.917,2.336903,-0.02616693,1.747251,0.6585473,352.2331,292.4044,310.1841,0.2147285,0.9399752,0.237326,359.9209,339.917,2.336903

8.077779,0.2147285,0.9399752,0.237326,359.9209,339.917,2.336903,-0.02615623,1.747235,0.6585138,352.2414,292.4001,310.1838,0.2147285,0.9399752,0.237326,359.9209,339.917,2.336903

8.096281,0.2147285,0.9399752,0.237326,359.9209,339.917,2.336903,-0.02616553,1.747249,0.6585429,352.2342,292.4038,310.1841,0.2147285,0.9399752,0.237326,359.9209,339.917,2.336903

8.117314,0.2147285,0.9399752,0.237326,359.9209,339.917,2.336903,-0.02616675,1.747251,0.6585468,352.2332,292.4043,310.1841,0.2147285,0.9399752,0.237326,359.9209,339.917,2.336903

8.142628,0.2147285,0.9399752,0.237326,359.9209,339.917,2.336903,-0.02616678,1.747251,0.6585469,352.2332,292.4043,310.1841,0.2147285,0.9399752,0.237326,359.9209,339.917,2.336903

8.167483,0.2147285,0.9399752,0.237326,359.9209,339.917,2.336903,-0.02616678,1.747251,0.6585469,352.2332,292.4043,310.1841,0.2147285,0.9399752,0.237326,359.9209,339.917,2.336903

8.192342,0.2147285,0.9399752,0.237326,359.9209,339.917,2.336903,-0.02616681,1.747251,0.658547,352.2332,292.4043,310.1841,0.2147285,0.9399752,0.237326,359.9209,339.917,2.336903

8.217174,0.2147285,0.9399752,0.237326,359.9209,339.917,2.336903,-0.02616684,1.747251,0.658547,352.2331,292.4043,310.1841,0.2147285,0.9399752,0.237326,359.9209,339.917,2.336903

8.242252,0.2147285,0.9399752,0.237326,359.9209,339.917,2.336903,-0.02616684,1.747251,0.658547,352.2331,292.4043,310.1841,0.2147285,0.9399752,0.237326,359.9209,339.917,2.336903

8.267772,0.2147285,0.9399752,0.237326,359.9209,339.917,2.336903,-0.0261669,1.747251,0.6585472,352.2331,292.4043,310.1841,0.2147285,0.9399752,0.237326,359.9209,339.917,2.336903

8.292736,0.2147285,0.9399752,0.237326,359.9209,339.917,2.336903,-0.02616678,1.747251,0.6585469,352.2332,292.4043,310.1841,0.2147285,0.9399752,0.237326,359.9209,339.917,2.336903

8.317357,0.2147285,0.9399752,0.237326,359.9209,339.917,2.336903,-0.0261668,1.747251,0.658547,352.2332,292.4043,310.1841,0.2147285,0.9399752,0.237326,359.9209,339.917,2.336903

8.342265,0.2147285,0.9399752,0.237326,359.9209,339.917,2.336903,-0.02616681,1.747251,0.658547,352.2331,292.4043,310.1841,0.2147285,0.9399752,0.237326,359.9209,339.917,2.336903

8.367202,0.2147285,0.9399752,0.237326,359.9209,339.917,2.336903,-0.02616684,1.747251,0.6585471,352.2331,292.4043,310.1841,0.2147285,0.9399752,0.237326,359.9209,339.917,2.336903

8.392288,0.2147285,0.9399752,0.237326,359.9209,339.917,2.336903,-0.02616692,1.747252,0.6585473,352.2331,292.4044,310.1841,0.2147285,0.9399752,0.237326,359.9209,339.917,2.336903

8.417447,0.2147285,0.9399752,0.237326,359.9209,339.917,2.336903,-0.02616689,1.747251,0.6585472,352.2331,292.4043,310.1841,0.2147285,0.9399752,0.237326,359.9209,339.917,2.336903

8.470947,0.2147285,0.9399752,0.237326,359.9209,339.917,2.336903,-0.0261585,1.747238,0.6585209,352.2396,292.401,310.1838,0.2147285,0.9399752,0.237326,359.9209,339.917,2.336903

8.492098,0.2147285,0.9399752,0.237326,359.9209,339.917,2.336903,-0.02616684,1.747251,0.658547,352.2331,292.4043,310.1841,0.2147285,0.9399752,0.237326,359.9209,339.917,2.336903

8.516988,0.2147285,0.9399752,0.237326,359.9209,339.917,2.336903,-0.02616687,1.747251,0.6585472,352.2331,292.4043,310.1841,0.2147285,0.9399752,0.237326,359.9209,339.917,2.336903

8.541891,0.2147285,0.9399752,0.237326,359.9209,339.917,2.336903,-0.02616687,1.747251,0.6585472,352.2331,292.4043,310.1841,0.2147285,0.9399752,0.237326,359.9209,339.917,2.336903

8.567237,0.2147285,0.9399752,0.237326,359.9209,339.917,2.336903,-0.02616678,1.747251,0.6585469,352.2332,292.4043,310.1841,0.2147285,0.9399752,0.237326,359.9209,339.917,2.336903

8.592988,0.2147285,0.9399752,0.237326,359.9209,339.917,2.336903,-0.02616681,1.747251,0.658547,352.2332,292.4043,310.1841,0.2147285,0.9399752,0.237326,359.9209,339.917,2.336903

8.616982,0.2147285,0.9399752,0.237326,359.9209,339.917,2.336903,-0.02616684,1.747251,0.658547,352.2331,292.4043,310.1841,0.2147285,0.9399752,0.237326,359.9209,339.917,2.336903

8.643734,0.2147285,0.9399752,0.237326,359.9209,339.917,2.336903,-0.02616684,1.747251,0.6585471,352.2331,292.4043,310.1841,0.2147285,0.9399752,0.237326,359.9209,339.917,2.336903

8.669154,0.2147285,0.9399752,0.237326,359.9209,339.917,2.336903,-0.02616689,1.747251,0.6585472,352.2331,292.4043,310.1841,0.2147285,0.9399752,0.237326,359.9209,339.917,2.336903

8.691399,0.2147285,0.9399752,0.237326,359.9209,339.917,2.336903,-0.02616689,1.747251,0.6585472,352.2331,292.4043,310.1841,0.2147285,0.9399752,0.237326,359.9209,339.917,2.336903

8.716964,0.2147285,0.9399752,0.237326,359.9209,339.917,2.336903,-0.02616693,1.747252,0.6585474,352.2331,292.4044,310.1841,0.2147285,0.9399752,0.237326,359.9209,339.917,2.336903

8.741696,0.2147285,0.9399752,0.237326,359.9209,339.917,2.336903,-0.0261668,1.747251,0.658547,352.2332,292.4043,310.1841,0.2147285,0.9399752,0.237326,359.9209,339.917,2.336903

8.766732,0.2147285,0.9399752,0.237326,359.9209,339.917,2.336903,-0.02616681,1.747251,0.658547,352.2331,292.4043,310.1841,0.2147285,0.9399752,0.237326,359.9209,339.917,2.336903

8.791927,0.2147285,0.9399752,0.237326,359.9209,339.917,2.336903,-0.02616684,1.747251,0.6585471,352.2331,292.4043,310.1841,0.2147285,0.9399752,0.237326,359.9209,339.917,2.336903

8.818161,0.2147285,0.9399752,0.237326,359.9209,339.917,2.336903,-0.02616675,1.747251,0.6585469,352.2332,292.4043,310.1841,0.2147285,0.9399752,0.237326,359.9209,339.917,2.336903

8.873478,0.2147285,0.9399752,0.237326,359.9209,339.917,2.336903,-0.026158,1.747238,0.6585193,352.24,292.4008,310.1838,0.2147285,0.9399752,0.237326,359.9209,339.917,2.336903

8.8927,0.2147285,0.9399752,0.237326,359.9209,339.917,2.336903,-0.02616684,1.747251,0.658547,352.2331,292.4043,310.1841,0.2147285,0.9399752,0.237326,359.9209,339.917,2.336903

8.917147,0.2147285,0.9399752,0.237326,359.9209,339.917,2.336903,-0.02616684,1.747251,0.6585471,352.2331,292.4043,310.1841,0.2147285,0.9399752,0.237326,359.9209,339.917,2.336903

8.942125,0.2147285,0.9399752,0.237326,359.9209,339.917,2.336903,-0.02616684,1.747251,0.658547,352.2331,292.4043,310.1841,0.2147285,0.9399752,0.237326,359.9209,339.917,2.336903

8.967718,0.2147285,0.9399752,0.237326,359.9209,339.917,2.336903,-0.02616681,1.747251,0.658547,352.2332,292.4043,310.1841,0.2147285,0.9399752,0.237326,359.9209,339.917,2.336903

8.992307,0.2147285,0.9399752,0.237326,359.9209,339.917,2.336903,-0.02616693,1.747251,0.6585473,352.2331,292.4044,310.1841,0.2147285,0.9399752,0.237326,359.9209,339.917,2.336903

9.017222,0.2147285,0.9399752,0.237326,359.9209,339.917,2.336903,-0.02616681,1.747251,0.658547,352.2332,292.4043,310.1841,0.2147285,0.9399752,0.237326,359.9209,339.917,2.336903

9.042002,0.2147285,0.9399752,0.237326,359.9209,339.917,2.336903,-0.02616681,1.747251,0.658547,352.2332,292.4043,310.1841,0.2147285,0.9399752,0.237326,359.9209,339.917,2.336903

9.06721,0.2147285,0.9399752,0.237326,359.9209,339.917,2.336903,-0.02616681,1.747251,0.658547,352.2331,292.4043,310.1841,0.2147285,0.9399752,0.237326,359.9209,339.917,2.336903

9.092321,0.2147285,0.9399752,0.237326,359.9209,339.917,2.336903,-0.02616675,1.747251,0.6585468,352.2332,292.4043,310.1841,0.2147285,0.9399752,0.237326,359.9209,339.917,2.336903

9.11687,0.2147285,0.9399752,0.237326,359.9209,339.917,2.336903,-0.02616681,1.747251,0.658547,352.2332,292.4043,310.1841,0.2147285,0.9399752,0.237326,359.9209,339.917,2.336903

9.14251,0.2147285,0.9399752,0.237326,359.9209,339.917,2.336903,-0.02616681,1.747251,0.658547,352.2332,292.4043,310.1841,0.2147285,0.9399752,0.237326,359.9209,339.917,2.336903

9.166828,0.2147285,0.9399752,0.237326,359.9209,339.917,2.336903,-0.02616681,1.747251,0.658547,352.2332,292.4043,310.1841,0.2147285,0.9399752,0.237326,359.9209,339.917,2.336903

9.193442,0.2147285,0.9399752,0.237326,359.9209,339.917,2.336903,-0.02616684,1.747251,0.6585471,352.2331,292.4043,310.1841,0.2147285,0.9399752,0.237326,359.9209,339.917,2.336903

9.216377,0.2147285,0.9399752,0.237326,359.9209,339.917,2.336903,-0.0261669,1.747251,0.6585472,352.2331,292.4043,310.1841,0.2147285,0.9399752,0.237326,359.9209,339.917,2.336903

9.272118,0.2147285,0.9399752,0.237326,359.9209,339.917,2.336903,-0.02615796,1.747237,0.6585192,352.24,292.4008,310.1838,0.2147285,0.9399752,0.237326,359.9209,339.917,2.336903

9.291786,0.2147285,0.9399752,0.237326,359.9209,339.917,2.336903,-0.02616684,1.747251,0.658547,352.2331,292.4043,310.1841,0.2147285,0.9399752,0.237326,359.9209,339.917,2.336903

9.319849,0.2147285,0.9399752,0.237326,359.9209,339.917,2.336903,-0.02616684,1.747251,0.6585471,352.2331,292.4043,310.1841,0.2147285,0.9399752,0.237326,359.9209,339.917,2.336903

9.34177,0.2147285,0.9399752,0.237326,359.9209,339.917,2.336903,-0.0261669,1.747251,0.6585472,352.2331,292.4043,310.1841,0.2147285,0.9399752,0.237326,359.9209,339.917,2.336903

9.366947,0.2147285,0.9399752,0.237326,359.9209,339.917,2.336903,-0.02616684,1.747251,0.658547,352.2331,292.4043,310.1841,0.2147285,0.9399752,0.237326,359.9209,339.917,2.336903

9.391947,0.2147285,0.9399752,0.237326,359.9209,339.917,2.336903,-0.02616692,1.747252,0.6585473,352.2331,292.4044,310.1841,0.2147285,0.9399752,0.237326,359.9209,339.917,2.336903

9.418263,0.2147285,0.9399752,0.237326,359.9209,339.917,2.336903,-0.02616681,1.747251,0.658547,352.2332,292.4043,310.1841,0.2147285,0.9399752,0.237326,359.9209,339.917,2.336903

9.441847,0.2147285,0.9399752,0.237326,359.9209,339.917,2.336903,-0.0261668,1.747251,0.658547,352.2332,292.4043,310.1841,0.2147285,0.9399752,0.237326,359.9209,339.917,2.336903

9.466802,0.2147285,0.9399752,0.237326,359.9209,339.917,2.336903,-0.02616681,1.747251,0.658547,352.2332,292.4043,310.1841,0.2147285,0.9399752,0.237326,359.9209,339.917,2.336903

9.492303,0.2147285,0.9399752,0.237326,359.9209,339.917,2.336903,-0.0261669,1.747251,0.6585472,352.2331,292.4043,310.1841,0.2147285,0.9399752,0.237326,359.9209,339.917,2.336903

9.516346,0.2147285,0.9399752,0.237326,359.9209,339.917,2.336903,-0.02616689,1.747251,0.6585472,352.2331,292.4043,310.1841,0.2147285,0.9399752,0.237326,359.9209,339.917,2.336903

9.542109,0.2147285,0.9399752,0.237326,359.9209,339.917,2.336903,-0.02616692,1.747252,0.6585473,352.2331,292.4044,310.1841,0.2147285,0.9399752,0.237326,359.9209,339.917,2.336903

9.566472,0.2147285,0.9399752,0.237326,359.9209,339.917,2.336903,-0.02616678,1.747251,0.6585469,352.2332,292.4043,310.1841,0.2147285,0.9399752,0.237326,359.9209,339.917,2.336903

9.592166,0.2147285,0.9399752,0.237326,359.9209,339.917,2.336903,-0.02616681,1.747251,0.658547,352.2332,292.4043,310.1841,0.2147285,0.9399752,0.237326,359.9209,339.917,2.336903

9.616655,0.2147285,0.9399752,0.237326,359.9209,339.917,2.336903,-0.02616684,1.747251,0.6585471,352.2331,292.4043,310.1841,0.2147285,0.9399752,0.237326,359.9209,339.917,2.336903

9.673684,0.2147285,0.9399752,0.237326,359.9209,339.917,2.336903,-0.02615799,1.747237,0.6585193,352.24,292.4008,310.1838,0.2147285,0.9399752,0.237326,359.9209,339.917,2.336903

9.691655,0.2147285,0.9399752,0.237326,359.9209,339.917,2.336903,-0.0261668,1.747251,0.658547,352.2332,292.4043,310.1841,0.2147285,0.9399752,0.237326,359.9209,339.917,2.336903

9.716843,0.2147285,0.9399752,0.237326,359.9209,339.917,2.336903,-0.02616681,1.747251,0.658547,352.2332,292.4043,310.1841,0.2147285,0.9399752,0.237326,359.9209,339.917,2.336903

9.74167,0.2147285,0.9399752,0.237326,359.9209,339.917,2.336903,-0.02616687,1.747251,0.6585471,352.2331,292.4043,310.1841,0.2147285,0.9399752,0.237326,359.9209,339.917,2.336903

9.766514,0.2147285,0.9399752,0.237326,359.9209,339.917,2.336903,-0.02616684,1.747251,0.658547,352.2331,292.4043,310.1841,0.2147285,0.9399752,0.237326,359.9209,339.917,2.336903

9.792122,0.2147285,0.9399752,0.237326,359.9209,339.917,2.336903,-0.02616689,1.747251,0.6585472,352.2331,292.4043,310.1841,0.2147285,0.9399752,0.237326,359.9209,339.917,2.336903

9.816088,0.2147285,0.9399752,0.237326,359.9209,339.917,2.336903,-0.02616681,1.747251,0.658547,352.2332,292.4043,310.1841,0.2147285,0.9399752,0.237326,359.9209,339.917,2.336903

9.842194,0.2147285,0.9399752,0.237326,359.9209,339.917,2.336903,-0.02616681,1.747251,0.658547,352.2332,292.4043,310.1841,0.2147285,0.9399752,0.237326,359.9209,339.917,2.336903

9.866577,0.2147285,0.9399752,0.237326,359.9209,339.917,2.336903,-0.02616681,1.747251,0.658547,352.2332,292.4043,310.1841,0.2147285,0.9399752,0.237326,359.9209,339.917,2.336903

9.891542,0.2147285,0.9399752,0.237326,359.9209,339.917,2.336903,-0.02616684,1.747251,0.6585471,352.2331,292.4043,310.1841,0.2147285,0.9399752,0.237326,359.9209,339.917,2.336903

9.917163,0.2147285,0.9399752,0.237326,359.9209,339.917,2.336903,-0.02616687,1.747251,0.6585471,352.2331,292.4043,310.1841,0.2147285,0.9399752,0.237326,359.9209,339.917,2.336903

9.941463,0.2147285,0.9399752,0.237326,359.9209,339.917,2.336903,-0.0261669,1.747251,0.6585472,352.2331,292.4043,310.1841,0.2147285,0.9399752,0.237326,359.9209,339.917,2.336903

9.966494,0.2147285,0.9399752,0.237326,359.9209,339.917,2.336903,-0.02616681,1.747251,0.658547,352.2332,292.4043,310.1841,0.2147285,0.9399752,0.237326,359.9209,339.917,2.336903

9.992304,0.2147285,0.9399752,0.237326,359.9209,339.917,2.336903,-0.0261668,1.747251,0.658547,352.2332,292.4043,310.1841,0.2147285,0.9399752,0.237326,359.9209,339.917,2.336903

10.01662,0.2147285,0.9399752,0.237326,359.9209,339.917,2.336903,-0.02616684,1.747251,0.658547,352.2331,292.4043,310.1841,0.2147285,0.9399752,0.237326,359.9209,339.917,2.336903

10.07762,0.2147285,0.9399752,0.237326,359.9209,339.917,2.336903,-0.02615596,1.747234,0.658513,352.2416,292.4,310.1838,0.2147285,0.9399752,0.237326,359.9209,339.917,2.336903

10.09584,0.2147285,0.9399752,0.237326,359.9209,339.917,2.336903,-0.02616541,1.747249,0.6585426,352.2342,292.4037,310.1841,0.2147285,0.9399752,0.237326,359.9209,339.917,2.336903

10.11603,0.2147285,0.9399752,0.237326,359.9209,339.917,2.336903,-0.02616678,1.747251,0.6585469,352.2332,292.4043,310.1841,0.2147285,0.9399752,0.237326,359.9209,339.917,2.336903

10.1425,0.2147285,0.9399752,0.237326,359.9209,339.917,2.336903,-0.0261668,1.747251,0.658547,352.2332,292.4043,310.1841,0.2147285,0.9399752,0.237326,359.9209,339.917,2.336903

10.16655,0.2147285,0.9399752,0.237326,359.9209,339.917,2.336903,-0.02616684,1.747251,0.658547,352.2331,292.4043,310.1841,0.2147285,0.9399752,0.237326,359.9209,339.917,2.336903

10.19191,0.2147285,0.9399752,0.237326,359.9209,339.917,2.336903,-0.0261669,1.747251,0.6585472,352.2331,292.4043,310.1841,0.2147285,0.9399752,0.237326,359.9209,339.917,2.336903

10.21647,0.2147285,0.9399752,0.237326,359.9209,339.917,2.336903,-0.0261669,1.747251,0.6585472,352.2331,292.4043,310.1841,0.2147285,0.9399752,0.237326,359.9209,339.917,2.336903

10.24318,0.2147285,0.9399752,0.237326,359.9209,339.917,2.336903,-0.02616678,1.747251,0.6585469,352.2332,292.4043,310.1841,0.2147285,0.9399752,0.237326,359.9209,339.917,2.336903

10.26702,0.2147285,0.9399752,0.237326,359.9209,339.917,2.336903,-0.02616695,1.747252,0.6585474,352.2331,292.4044,310.1841,0.2147285,0.9399752,0.237326,359.9209,339.917,2.336903

10.29212,0.2147285,0.9399752,0.237326,359.9209,339.917,2.336903,-0.02616681,1.747251,0.658547,352.2332,292.4043,310.1841,0.2147285,0.9399752,0.237326,359.9209,339.917,2.336903

10.31697,0.2147285,0.9399752,0.237326,359.9209,339.917,2.336903,-0.02616687,1.747251,0.6585471,352.2331,292.4043,310.1841,0.2147285,0.9399752,0.237326,359.9209,339.917,2.336903

10.34154,0.2147285,0.9399752,0.237326,359.9209,339.917,2.336903,-0.02616689,1.747251,0.6585472,352.2331,292.4043,310.1841,0.2147285,0.9399752,0.237326,359.9209,339.917,2.336903

10.36633,0.2147285,0.9399752,0.237326,359.9209,339.917,2.336903,-0.02616675,1.747251,0.6585469,352.2332,292.4043,310.1841,0.2147285,0.9399752,0.237326,359.9209,339.917,2.336903

10.39282,0.2147285,0.9399752,0.237326,359.9209,339.917,2.336903,-0.02616681,1.747251,0.658547,352.2332,292.4043,310.1841,0.2147285,0.9399752,0.237326,359.9209,339.917,2.336903

10.41635,0.2147285,0.9399752,0.237326,359.9209,339.917,2.336903,-0.02616681,1.747251,0.658547,352.2332,292.4043,310.1841,0.2147285,0.9399752,0.237326,359.9209,339.917,2.336903

10.47262,0.2147285,0.9399752,0.237326,359.9209,339.917,2.336903,-0.02615806,1.747238,0.6585196,352.2399,292.4008,310.1838,0.2147285,0.9399752,0.237326,359.9209,339.917,2.336903

10.49165,0.2147285,0.9399752,0.237326,359.9209,339.917,2.336903,-0.02616689,1.747251,0.6585472,352.2331,292.4043,310.1841,0.2147285,0.9399752,0.237326,359.9209,339.917,2.336903

10.51555,0.2147285,0.9399752,0.237326,359.9209,339.917,2.336903,-0.02616687,1.747251,0.6585472,352.2331,292.4043,310.1841,0.2147285,0.9399752,0.237326,359.9209,339.917,2.336903

10.55027,0.2147285,0.9399752,0.237326,359.9209,339.917,2.336903,-0.02616678,1.747251,0.6585469,352.2332,292.4043,310.1841,0.2147285,0.9399752,0.237326,359.9209,339.917,2.336903

10.56751,0.2147285,0.9399752,0.237326,359.9209,339.917,2.336903,-0.02616684,1.747251,0.6585471,352.2331,292.4043,310.1841,0.2147285,0.9399752,0.237326,359.9209,339.917,2.336903

10.5914,0.2147285,0.9399752,0.237326,359.9209,339.917,2.336903,-0.02616684,1.747251,0.658547,352.2331,292.4043,310.1841,0.2147285,0.9399752,0.237326,359.9209,339.917,2.336903

10.61662,0.2147285,0.9399752,0.237326,359.9209,339.917,2.336903,-0.0261669,1.747251,0.6585472,352.2331,292.4043,310.1841,0.2147285,0.9399752,0.237326,359.9209,339.917,2.336903

10.64228,0.2147285,0.9399752,0.237326,359.9209,339.917,2.336903,-0.02616692,1.747252,0.6585473,352.2331,292.4044,310.1841,0.2147285,0.9399752,0.237326,359.9209,339.917,2.336903

10.67282,0.2147285,0.9399752,0.237326,359.9209,339.917,2.336903,-0.02616695,1.747252,0.6585474,352.233,292.4044,310.1841,0.2147285,0.9399752,0.237326,359.9209,339.917,2.336903

10.69144,0.2147285,0.9399752,0.237326,359.9209,339.917,2.336903,-0.02616681,1.747251,0.658547,352.2331,292.4043,310.1841,0.2147285,0.9399752,0.237326,359.9209,339.917,2.336903

10.71634,0.2147285,0.9399752,0.237326,359.9209,339.917,2.336903,-0.02616681,1.747251,0.658547,352.2332,292.4043,310.1841,0.2147285,0.9399752,0.237326,359.9209,339.917,2.336903

10.74326,0.2147285,0.9399752,0.237326,359.9209,339.917,2.336903,-0.0261669,1.747251,0.6585472,352.2331,292.4043,310.1841,0.2147285,0.9399752,0.237326,359.9209,339.917,2.336903

10.76789,0.2147285,0.9399752,0.237326,359.9209,339.917,2.336903,-0.02616687,1.747251,0.6585472,352.2331,292.4043,310.1841,0.2147285,0.9399752,0.237326,359.9209,339.917,2.336903

10.79294,0.2147285,0.9399752,0.237326,359.9209,339.917,2.336903,-0.02616692,1.747252,0.6585473,352.2331,292.4044,310.1841,0.2147285,0.9399752,0.237326,359.9209,339.917,2.336903

10.81609,0.2147285,0.9399752,0.237326,359.9209,339.917,2.336903,-0.02616675,1.747251,0.6585469,352.2332,292.4043,310.1841,0.2147285,0.9399752,0.237326,359.9209,339.917,2.336903

10.87509,0.2147285,0.9399752,0.237326,359.9209,339.917,2.336903,-0.02615683,1.747236,0.6585158,352.2409,292.4003,310.1838,0.2147285,0.9399752,0.237326,359.9209,339.917,2.336903

10.89116,0.2147285,0.9399752,0.237326,359.9209,339.917,2.336903,-0.02616689,1.747251,0.6585472,352.2331,292.4044,310.1841,0.2147285,0.9399752,0.237326,359.9209,339.917,2.336903

10.91681,0.2147285,0.9399752,0.237326,359.9209,339.917,2.336903,-0.02616692,1.747252,0.6585473,352.2331,292.4044,310.1841,0.2147285,0.9399752,0.237326,359.9209,339.917,2.336903

10.94196,0.2147285,0.9399752,0.237326,359.9209,339.917,2.336903,-0.02616693,1.747251,0.6585473,352.2331,292.4044,310.1841,0.2147285,0.9399752,0.237326,359.9209,339.917,2.336903

10.96692,0.2147285,0.9399752,0.237326,359.9209,339.917,2.336903,-0.02616678,1.747251,0.6585469,352.2332,292.4043,310.1841,0.2147285,0.9399752,0.237326,359.9209,339.917,2.336903

10.99227,0.2147285,0.9399752,0.237326,359.9209,339.917,2.336903,-0.0261668,1.747251,0.658547,352.2332,292.4043,310.1841,0.2147285,0.9399752,0.237326,359.9209,339.917,2.336903

11.01724,0.2147285,0.9399752,0.237326,359.9209,339.917,2.336903,-0.02616687,1.747251,0.6585471,352.2331,292.4043,310.1841,0.2147285,0.9399752,0.237326,359.9209,339.917,2.336903

11.04259,0.2147285,0.9399752,0.237326,359.9209,339.917,2.336903,-0.02616689,1.747251,0.6585472,352.2331,292.4044,310.1841,0.2147285,0.9399752,0.237326,359.9209,339.917,2.336903

11.06553,0.2147285,0.9399752,0.237326,359.9209,339.917,2.336903,-0.02616692,1.747252,0.6585473,352.2331,292.4044,310.1841,0.2147285,0.9399752,0.237326,359.9209,339.917,2.336903

11.09106,0.2147285,0.9399752,0.237326,359.9209,339.917,2.336903,-0.02616693,1.747252,0.6585474,352.2331,292.4044,310.1841,0.2147285,0.9399752,0.237326,359.9209,339.917,2.336903

11.11592,0.2147285,0.9399752,0.237326,359.9209,339.917,2.336903,-0.0261668,1.747251,0.658547,352.2332,292.4043,310.1841,0.2147285,0.9399752,0.237326,359.9209,339.917,2.336903

11.14236,0.2147285,0.9399752,0.237326,359.9209,339.917,2.336903,-0.02616687,1.747251,0.6585471,352.2331,292.4043,310.1841,0.2147285,0.9399752,0.237326,359.9209,339.917,2.336903

11.1662,0.2147285,0.9399752,0.237326,359.9209,339.917,2.336903,-0.02616687,1.747251,0.6585471,352.2331,292.4043,310.1841,0.2147285,0.9399752,0.237326,359.9209,339.917,2.336903

11.19094,0.2147285,0.9399752,0.237326,359.9209,339.917,2.336903,-0.02616684,1.747251,0.6585471,352.2331,292.4043,310.1841,0.2147285,0.9399752,0.237326,359.9209,339.917,2.336903

11.21688,0.2147285,0.9399752,0.237326,359.9209,339.917,2.336903,-0.02616678,1.747251,0.6585469,352.2332,292.4043,310.1841,0.2147285,0.9399752,0.237326,359.9209,339.917,2.336903

11.27302,0.2147285,0.9399752,0.237326,359.9209,339.917,2.336903,-0.02615757,1.747237,0.658518,352.2403,292.4006,310.1838,0.2147285,0.9399752,0.237326,359.9209,339.917,2.336903

11.29167,0.2147285,0.9399752,0.237326,359.9209,339.917,2.336903,-0.02616672,1.747251,0.6585467,352.2332,292.4043,310.1841,0.2147285,0.9399752,0.237326,359.9209,339.917,2.336903

11.31595,0.2147285,0.9399752,0.237326,359.9209,339.917,2.336903,-0.02616689,1.747251,0.6585472,352.2331,292.4043,310.1841,0.2147285,0.9399752,0.237326,359.9209,339.917,2.336903

11.34099,0.2147285,0.9399752,0.237326,359.9209,339.917,2.336903,-0.02616678,1.747251,0.6585469,352.2332,292.4043,310.1841,0.2147285,0.9399752,0.237326,359.9209,339.917,2.336903

11.36553,0.2147285,0.9399752,0.237326,359.9209,339.917,2.336903,-0.02616692,1.747252,0.6585473,352.2331,292.4044,310.1841,0.2147285,0.9399752,0.237326,359.9209,339.917,2.336903

11.39127,0.2147285,0.9399752,0.237326,359.9209,339.917,2.336903,-0.0261668,1.747251,0.658547,352.2332,292.4043,310.1841,0.2147285,0.9399752,0.237326,359.9209,339.917,2.336903

11.41604,0.2147285,0.9399752,0.237326,359.9209,339.917,2.336903,-0.02616681,1.747251,0.658547,352.2331,292.4043,310.1841,0.2147285,0.9399752,0.237326,359.9209,339.917,2.336903

11.4411,0.2147285,0.9399752,0.237326,359.9209,339.917,2.336903,-0.02616684,1.747251,0.6585471,352.2331,292.4043,310.1841,0.2147285,0.9399752,0.237326,359.9209,339.917,2.336903

11.4664,0.2147285,0.9399752,0.237326,359.9209,339.917,2.336903,-0.02616689,1.747251,0.6585472,352.2331,292.4044,310.1841,0.2147285,0.9399752,0.237326,359.9209,339.917,2.336903

11.49335,0.2147285,0.9399752,0.237326,359.9209,339.917,2.336903,-0.02616689,1.747251,0.6585472,352.2331,292.4044,310.1841,0.2147285,0.9399752,0.237326,359.9209,339.917,2.336903

11.51546,0.2147285,0.9399752,0.237326,359.9209,339.917,2.336903,-0.02616693,1.747251,0.6585473,352.2331,292.4044,310.1841,0.2147285,0.9399752,0.237326,359.9209,339.917,2.336903

11.54096,0.2147285,0.9399752,0.237326,359.9209,339.917,2.336903,-0.02616681,1.747251,0.658547,352.2332,292.4043,310.1841,0.2147285,0.9399752,0.237326,359.9209,339.917,2.336903

11.56587,0.2147285,0.9399752,0.237326,359.9209,339.917,2.336903,-0.02616684,1.747251,0.658547,352.2331,292.4043,310.1841,0.2147285,0.9399752,0.237326,359.9209,339.917,2.336903

11.59154,0.2147285,0.9399752,0.237326,359.9209,339.917,2.336903,-0.02616684,1.747251,0.658547,352.2331,292.4043,310.1841,0.2147285,0.9399752,0.237326,359.9209,339.917,2.336903

11.61578,0.2147285,0.9399752,0.237326,359.9209,339.917,2.336903,-0.02616678,1.747251,0.6585469,352.2332,292.4043,310.1841,0.2147285,0.9399752,0.237326,359.9209,339.917,2.336903

11.67954,0.2147285,0.9399752,0.237326,359.9209,339.917,2.336903,-0.02615575,1.747234,0.6585123,352.2418,292.3999,310.1838,0.2147285,0.9399752,0.237326,359.9209,339.917,2.336903

11.71228,0.2147285,0.9399752,0.237326,359.9209,339.917,2.336903,-0.0261602,1.747241,0.6585262,352.2383,292.4016,310.1839,0.2147285,0.9399752,0.237326,359.9209,339.917,2.336903

11.72922,0.2147285,0.9399752,0.237326,359.9209,339.917,2.336903,-0.02616358,1.747246,0.6585368,352.2357,292.403,310.184,0.2147285,0.9399752,0.237326,359.9209,339.917,2.336903

11.74565,0.2147285,0.9399752,0.237326,359.9209,339.917,2.336903,-0.02616556,1.747249,0.6585431,352.2341,292.4038,310.1841,0.2147285,0.9399752,0.237326,359.9209,339.917,2.336903

11.76532,0.2147285,0.9399752,0.237326,359.9209,339.917,2.336903,-0.02616693,1.747251,0.6585473,352.2331,292.4044,310.1841,0.2147285,0.9399752,0.237326,359.9209,339.917,2.336903

11.79098,0.2147285,0.9399752,0.237326,359.9209,339.917,2.336903,-0.02616693,1.747252,0.6585474,352.2331,292.4044,310.1841,0.2147285,0.9399752,0.237326,359.9209,339.917,2.336903

11.81562,0.2147285,0.9399752,0.237326,359.9209,339.917,2.336903,-0.02616684,1.747251,0.658547,352.2331,292.4043,310.1841,0.2147285,0.9399752,0.237326,359.9209,339.917,2.336903

11.84147,0.2147285,0.9399752,0.237326,359.9209,339.917,2.336903,-0.02616687,1.747251,0.6585472,352.2331,292.4043,310.1841,0.2147285,0.9399752,0.237326,359.9209,339.917,2.336903

11.88904,0.2147285,0.9399752,0.237326,359.9209,339.917,2.336903,-0.0261669,1.747251,0.6585472,352.2331,292.4043,310.1841,0.2147285,0.9399752,0.237326,359.9209,339.917,2.336903

